age,genotype,hbf_percent,ldh_u_l,reticulocyte_pct,indirect_bilirubin_mg_dl,environment,nutrition_status,steady_state_pcv_pct
30.5,SC,4.69,820.8,11.38,2.95,urban_good_access,poor,26.2
17.3,SS,4.34,909.6,12.09,3.37,urban_poor_access,moderate,17.8
29.8,SS,1.4,805.5,10.33,4.09,urban_good_access,moderate,15.1
38.5,SS,3.1,1239.7,18.32,5.61,rural,good,15.0
26.2,SS,15.23,1156.3,16.74,6.19,urban_good_access,moderate,17.5
18.9,SBeta-thal,2.7,448.3,11.88,2.84,urban_good_access,good,25.1
15.6,SS,6.63,1076.4,19.86,5.58,urban_poor_access,good,16.9
36.3,SS,6.85,1139.9,20.32,6.63,rural,moderate,12.2
16.1,SS,8.38,926.2,8.08,3.05,urban_poor_access,good,20.7
32.3,SC,7.49,1012.8,12.47,5.75,urban_poor_access,moderate,23.7
25.3,SBeta-thal,3.84,974.4,11.17,4.55,rural,good,20.8
17.9,SC,1.81,691.3,10.42,2.04,urban_good_access,moderate,31.1
38.4,SS,5.13,1000.2,13.62,4.89,urban_good_access,good,18.7
31.9,SS,1.48,1214.2,17.17,6.54,urban_poor_access,good,13.1
9.6,SC,3.92,532.3,10.45,3.32,rural,moderate,30.2
33.0,SS,2.08,870.3,16.74,6.0,rural,moderate,12.5
22.7,SC,7.55,535.0,7.48,0.86,rural,good,30.3
9.7,SS,3.55,1078.1,14.54,4.62,urban_good_access,moderate,15.9
9.9,SS,20.94,1087.3,16.26,5.22,urban_good_access,moderate,22.5
15.0,SC,5.84,628.1,12.31,2.97,urban_good_access,moderate,26.4
26.4,SC,6.16,636.4,6.42,2.94,urban_poor_access,moderate,25.8
24.8,SBeta-thal,4.34,772.8,9.51,2.15,urban_poor_access,moderate,21.7
14.6,SS,11.93,1130.0,18.33,6.22,urban_poor_access,good,19.6
26.1,SS,6.17,1181.4,16.06,7.37,urban_good_access,good,16.3
25.3,SS,4.96,901.3,13.14,5.34,urban_good_access,poor,20.3
12.4,SC,15.35,557.4,10.48,2.46,urban_poor_access,moderate,30.4
26.4,SC,5.05,817.8,7.03,2.73,urban_poor_access,moderate,25.4
20.8,SS,4.81,1040.0,13.66,4.59,rural,moderate,14.7
18.4,SC,2.29,444.6,10.76,2.41,urban_good_access,moderate,25.0
9.2,SS,3.15,1068.1,17.28,5.24,rural,poor,12.0
28.5,SBeta-thal,3.12,782.4,11.78,3.73,urban_good_access,good,19.6
13.9,SC,7.25,632.0,7.21,1.11,urban_good_access,moderate,31.0
14.5,SBeta-thal,5.99,663.7,10.12,3.03,urban_good_access,good,27.4
37.9,SC,5.62,719.2,10.02,2.66,urban_good_access,good,31.4
13.0,SS,11.53,918.7,14.09,5.34,rural,good,18.7
31.8,SS,8.16,959.7,14.67,5.11,urban_good_access,good,22.8
10.5,SC,5.06,809.5,14.04,3.38,urban_good_access,good,29.8
17.8,SS,15.68,869.1,13.47,4.9,urban_good_access,good,25.7
10.9,SC,3.01,628.6,8.7,2.9,urban_poor_access,moderate,28.4
15.2,SC,6.54,635.2,6.71,2.25,rural,good,29.5
11.4,SS,2.22,820.2,9.96,3.91,rural,moderate,16.8
20.0,SS,30.0,1133.3,18.75,5.7,urban_good_access,poor,25.7
10.1,SS,3.66,925.7,12.11,5.09,urban_poor_access,good,19.3
20.2,SS,5.22,743.7,10.63,4.74,rural,good,19.3
24.2,SS,3.17,885.0,14.25,3.85,urban_good_access,moderate,17.5
34.8,SC,5.8,628.6,8.29,2.16,rural,poor,25.1
43.5,SS,6.78,939.4,10.84,5.66,urban_poor_access,good,17.7
2.0,SC,2.1,777.2,12.15,3.42,urban_good_access,moderate,26.8
18.4,SS,14.35,889.8,14.72,4.22,urban_good_access,good,24.9
47.6,SC,4.14,619.9,5.58,2.67,rural,moderate,23.1
2.0,SBeta-thal,1.96,617.9,11.17,1.82,rural,poor,18.2
19.6,SS,4.86,875.8,11.17,3.94,urban_good_access,good,20.1
13.4,SBeta-thal,15.87,780.2,12.99,4.66,rural,moderate,23.1
20.7,SS,1.91,957.8,12.92,4.93,urban_good_access,moderate,16.8
21.3,SS,3.28,946.9,14.32,5.43,urban_poor_access,moderate,15.5
8.7,SS,2.78,1203.6,20.1,4.69,rural,good,13.8
18.8,SBeta-thal,15.3,1006.5,15.56,5.98,rural,poor,16.6
28.3,SS,4.09,975.9,11.19,4.16,rural,good,18.1
12.0,SS,12.76,1034.5,11.82,4.63,urban_good_access,poor,21.7
17.6,SBeta-thal,5.18,869.8,8.61,3.93,urban_good_access,moderate,27.6
11.3,SS,4.8,829.7,11.02,3.17,rural,moderate,15.0
17.6,SBeta-thal,4.16,833.5,17.02,5.73,urban_poor_access,moderate,21.0
16.8,SS,4.46,679.3,9.43,2.62,urban_good_access,good,21.5
33.0,SS,6.46,1034.0,15.08,6.05,rural,good,18.1
30.0,SC,2.92,837.6,12.73,4.82,urban_poor_access,moderate,21.5
30.6,SC,16.35,781.5,9.81,3.73,urban_good_access,poor,34.2
27.7,SS,7.91,881.0,12.97,4.73,rural,good,18.1
9.4,SC,13.18,547.8,10.83,2.12,rural,good,29.3
30.4,SS,1.79,1117.5,12.77,6.09,urban_poor_access,good,13.7
19.6,SS,4.03,805.5,13.07,4.47,urban_good_access,moderate,19.1
19.4,SS,6.17,1201.2,19.8,6.24,urban_good_access,poor,13.9
16.8,SS,2.88,890.1,13.47,4.2,rural,moderate,17.0
35.8,SS,6.57,1190.0,17.27,7.09,urban_poor_access,good,16.9
43.3,SS,8.5,1065.7,14.39,5.34,urban_poor_access,good,18.2
22.5,SC,4.39,899.0,13.97,4.03,urban_poor_access,moderate,25.2
32.1,SC,6.0,666.1,10.0,3.46,urban_poor_access,good,30.1
6.9,SS,6.89,740.4,10.5,3.45,urban_good_access,good,21.6
14.7,SS,4.19,901.6,17.45,4.47,urban_good_access,poor,16.1
10.0,SS,6.67,768.6,9.61,4.0,urban_poor_access,good,20.5
34.7,SS,7.46,1188.1,17.75,6.51,urban_poor_access,poor,13.6
30.4,SC,1.87,662.1,12.59,2.68,rural,moderate,26.2
28.5,SS,10.46,741.5,8.5,3.48,urban_poor_access,poor,18.8
38.8,SS,5.38,886.3,12.24,3.63,urban_poor_access,good,13.9
32.4,SC,2.41,483.2,8.66,1.52,rural,poor,19.8
26.9,SC,2.82,916.7,10.59,5.29,urban_good_access,good,31.5
24.8,SC,1.99,574.1,10.22,2.95,rural,good,26.5
39.0,SS,6.28,1204.1,18.34,6.08,urban_good_access,good,17.9
17.0,SS,8.56,1278.9,16.46,6.59,rural,good,20.6
23.1,SC,3.18,768.6,15.1,3.28,rural,good,22.3
25.0,SC,5.43,674.0,10.65,3.46,urban_good_access,good,33.4
18.0,SS,10.66,807.7,12.54,3.61,rural,moderate,18.5
30.3,SC,5.64,238.9,4.42,0.7,rural,good,34.8
10.9,SBeta-thal,9.06,880.2,13.84,5.11,urban_poor_access,good,23.4
27.4,SS,3.78,1047.7,17.01,4.99,urban_poor_access,poor,12.0
14.2,SS,9.96,825.7,11.77,5.15,urban_good_access,moderate,20.2
21.9,SBeta-thal,30.0,879.5,14.68,4.29,rural,good,30.6
19.6,SS,6.13,986.3,13.37,6.69,urban_good_access,good,20.6
7.0,SC,4.33,511.4,5.13,0.2,urban_poor_access,moderate,29.0
32.9,SBeta-thal,4.54,1103.8,18.8,6.25,urban_poor_access,moderate,20.0
16.6,SS,2.82,682.4,9.82,2.53,urban_poor_access,moderate,19.6
4.1,SS,9.29,972.3,15.12,4.37,rural,moderate,16.5
23.1,SS,2.7,933.5,13.15,4.59,rural,moderate,15.1
20.2,SS,16.37,1104.0,13.21,6.06,rural,good,19.8
16.9,SS,4.85,601.6,4.89,1.8,urban_poor_access,moderate,18.0
19.3,SS,7.6,837.0,15.67,4.83,urban_good_access,poor,14.1
37.4,SC,2.56,877.1,16.02,3.99,rural,good,24.0
34.2,SS,7.32,974.2,11.54,3.89,urban_poor_access,moderate,17.3
38.9,SS,4.01,879.0,16.6,5.38,urban_poor_access,poor,12.3
13.6,SS,6.81,788.2,7.51,4.06,urban_poor_access,moderate,16.9
33.5,SC,3.18,652.1,10.51,3.33,rural,moderate,22.4
30.4,SS,1.73,1155.1,19.2,4.83,urban_poor_access,moderate,12.1
13.3,SS,10.2,962.6,16.63,5.4,rural,good,16.3
8.4,SS,2.71,1116.4,18.85,5.4,urban_poor_access,moderate,18.3
31.6,SBeta-thal,1.38,784.5,9.26,2.84,urban_good_access,moderate,27.0
40.8,SS,9.16,1029.3,17.05,4.7,rural,good,15.2
19.2,SS,10.27,1022.5,15.54,6.83,urban_poor_access,good,17.8
2.0,SS,6.61,800.8,13.05,2.97,urban_good_access,good,17.9
21.0,SS,4.92,648.9,14.55,3.9,urban_good_access,poor,21.1
31.1,SC,6.07,472.5,6.66,1.56,rural,poor,28.8
21.6,SS,2.32,584.4,6.82,1.65,urban_poor_access,good,21.1
34.1,SS,4.5,1008.1,15.68,4.91,rural,moderate,14.8
8.1,SS,3.41,826.2,11.33,3.28,urban_good_access,moderate,18.8
21.7,SS,2.86,1224.1,17.21,7.06,urban_poor_access,poor,12.0
21.1,SS,2.63,641.2,4.7,3.1,urban_good_access,moderate,19.9
35.5,SS,3.41,846.2,12.08,4.53,rural,moderate,13.1
22.6,SC,4.17,810.4,13.3,3.6,rural,poor,19.5
38.1,SC,6.47,774.9,6.65,2.17,urban_good_access,poor,27.1
19.1,SC,5.54,716.1,9.24,2.04,rural,good,27.0
28.8,SC,6.04,1001.6,13.5,4.84,urban_poor_access,good,21.7
5.0,SS,2.48,835.6,15.27,4.52,urban_poor_access,good,19.3
35.8,SC,2.97,478.4,7.42,3.27,rural,moderate,25.1
19.4,SS,7.48,1035.5,17.71,4.97,urban_poor_access,moderate,15.1
22.6,SS,14.35,654.8,8.29,4.37,rural,moderate,17.8
10.0,SS,1.46,1004.9,15.71,5.21,urban_good_access,good,18.3
22.5,SS,25.59,793.2,12.39,3.51,urban_poor_access,good,27.9
34.2,SS,16.55,901.5,12.7,6.15,rural,moderate,18.5
28.3,SBeta-thal,5.45,868.7,12.38,4.17,rural,poor,20.9
6.4,SS,21.87,1232.0,18.26,6.06,rural,good,22.0
24.7,SS,2.64,883.0,14.5,4.84,urban_good_access,good,19.9
20.0,SC,3.74,478.1,1.0,0.72,urban_poor_access,moderate,32.4
22.6,SC,3.02,677.9,9.47,3.26,urban_good_access,moderate,25.5
34.1,SBeta-thal,5.93,707.9,6.96,2.78,rural,moderate,23.8
43.5,SS,12.37,1256.5,19.88,7.41,urban_good_access,moderate,19.3
32.8,SS,11.44,1078.6,18.1,5.89,rural,good,17.8
17.1,SC,2.12,424.2,8.27,1.52,rural,good,27.2
21.0,SC,1.9,725.4,8.73,2.94,urban_good_access,good,30.9
17.9,SC,6.88,677.3,12.66,3.16,urban_poor_access,moderate,26.5
24.2,SBeta-thal,4.91,1025.8,13.03,4.37,rural,moderate,22.7
31.5,SS,1.34,690.3,11.17,3.88,urban_poor_access,moderate,14.4
2.0,SS,4.27,966.5,12.18,4.88,urban_good_access,poor,14.9
23.4,SBeta-thal,10.12,863.8,8.3,3.87,rural,moderate,23.0
31.5,SC,6.18,605.2,12.13,2.11,rural,good,29.6
27.0,SBeta-thal,4.98,767.9,12.16,3.26,rural,moderate,21.2
22.4,SBeta-thal,1.61,628.9,5.33,2.39,urban_poor_access,moderate,21.7
30.2,SS,2.21,1241.6,24.08,6.85,urban_poor_access,moderate,13.3
6.2,SS,6.66,836.9,14.41,3.95,urban_good_access,good,25.0
7.7,SS,20.27,924.4,13.7,5.29,urban_good_access,good,26.8
24.1,SS,2.82,1039.5,17.58,5.9,urban_good_access,moderate,13.9
17.7,SS,8.66,977.4,19.22,4.0,rural,good,16.2
23.1,SS,15.49,969.5,12.58,5.15,rural,good,19.0
14.9,SS,1.84,923.8,15.24,4.73,urban_good_access,poor,16.9
28.1,SS,9.8,955.8,14.59,5.98,rural,moderate,15.0
23.0,SS,11.73,1016.7,14.03,5.14,rural,good,17.7
10.7,SS,7.87,913.8,14.83,4.56,urban_poor_access,moderate,16.3
20.9,SS,9.21,754.2,16.89,4.18,urban_poor_access,good,19.6
22.3,SS,1.21,815.4,14.86,2.75,rural,moderate,16.5
18.8,SS,7.8,972.5,10.86,4.94,urban_good_access,good,21.3
18.3,SS,10.87,881.2,16.64,4.58,rural,good,19.2
22.8,SS,8.6,1038.7,15.52,6.33,urban_good_access,good,19.9
29.6,SS,0.75,1024.0,18.38,5.86,urban_good_access,poor,15.5
43.4,SC,2.03,980.2,12.35,4.68,urban_poor_access,good,24.0
28.0,SS,9.09,1048.1,20.26,5.94,urban_poor_access,good,19.3
23.3,SS,4.97,1161.3,18.49,7.13,urban_good_access,good,17.3
13.7,SS,4.02,709.9,7.51,1.63,rural,moderate,20.5
20.1,SC,20.21,768.1,12.84,2.76,urban_poor_access,good,31.4
39.3,SC,2.86,605.8,6.77,3.39,urban_good_access,moderate,34.2
26.9,SS,1.15,992.9,14.68,5.1,urban_good_access,good,17.0
27.0,SS,4.55,1212.8,20.51,5.56,rural,good,14.3
34.3,SS,0.5,1048.2,17.13,6.13,urban_good_access,poor,17.4
10.7,SS,2.34,595.2,10.45,2.72,urban_good_access,moderate,19.1
13.9,SS,6.01,1061.0,15.05,5.66,rural,good,14.8
43.5,SS,8.12,1189.8,20.09,6.09,urban_good_access,poor,15.9
45.2,SS,5.32,714.8,14.59,3.47,urban_good_access,good,21.1
8.2,SS,0.98,712.5,10.14,2.12,urban_poor_access,poor,15.2
19.1,SS,4.61,926.5,12.67,5.34,rural,poor,12.0
37.5,SS,3.03,1047.0,16.62,5.22,urban_good_access,moderate,16.7
18.1,SS,5.2,788.5,12.37,3.91,urban_poor_access,poor,16.7
14.5,SC,8.62,838.3,10.98,3.5,urban_good_access,moderate,28.2
25.7,SC,3.09,705.2,8.86,2.39,urban_poor_access,good,30.0
22.3,SBeta-thal,12.43,575.8,7.93,3.28,urban_poor_access,good,26.7
10.6,SS,8.43,634.8,10.93,2.62,urban_poor_access,moderate,18.2
36.5,SS,7.0,1013.6,16.27,4.37,urban_good_access,good,22.4
15.4,SBeta-thal,1.44,948.5,18.04,5.34,urban_good_access,good,20.6
42.3,SS,1.39,596.7,10.27,3.16,urban_poor_access,good,19.0
27.0,SS,4.01,829.5,13.82,3.12,rural,good,16.3
13.7,SBeta-thal,3.13,1105.7,17.73,4.78,urban_good_access,good,22.5
5.7,SS,4.13,1063.0,19.88,4.99,rural,moderate,12.3
13.6,SS,4.15,1104.8,12.43,5.87,urban_good_access,poor,14.9
17.9,SS,3.31,1003.8,16.23,5.03,urban_good_access,moderate,18.0
10.0,SS,6.57,637.3,9.83,4.54,rural,good,19.2
13.8,SS,1.97,1023.5,17.26,5.1,urban_good_access,good,20.3
29.2,SS,7.23,856.4,14.24,3.87,rural,moderate,14.6
6.5,SS,9.19,1125.3,17.98,5.79,urban_good_access,good,17.8
12.2,SC,2.13,746.8,11.5,3.77,rural,poor,21.8
2.0,SS,19.5,704.5,7.55,3.5,urban_poor_access,poor,20.2
10.9,SC,9.8,553.9,11.07,3.41,rural,moderate,28.3
34.8,SS,2.66,1039.7,16.26,5.41,rural,good,12.0
30.3,SS,10.0,363.3,6.29,3.13,rural,moderate,21.2
36.1,SS,1.23,630.1,12.41,3.3,urban_good_access,good,21.5
27.8,SS,0.96,1041.7,16.25,6.21,rural,poor,12.0
17.9,SC,10.97,580.3,13.52,3.98,urban_poor_access,good,29.1
17.4,SS,2.4,1326.7,15.38,5.94,urban_poor_access,good,13.1
13.0,SC,2.44,731.7,10.16,3.41,urban_good_access,moderate,24.6
28.5,SS,1.78,993.1,12.34,5.0,rural,good,12.3
14.7,SC,7.26,575.4,7.79,2.57,urban_good_access,good,33.5
13.0,SC,2.16,782.5,8.46,2.04,rural,good,28.2
19.6,SS,3.79,1024.2,15.89,6.39,urban_poor_access,poor,13.4
49.9,SC,0.5,710.7,13.45,3.74,rural,good,26.4
34.0,SBeta-thal,1.09,900.7,13.55,4.36,urban_good_access,moderate,23.2
34.3,SS,15.11,779.1,12.61,4.21,urban_poor_access,good,21.5
38.7,SS,2.35,929.7,13.1,4.01,urban_good_access,good,21.6
47.0,SS,1.28,972.0,13.61,4.41,urban_good_access,moderate,18.2
16.3,SS,2.4,696.8,13.82,4.07,rural,moderate,15.8
28.7,SBeta-thal,6.33,901.3,16.33,4.68,urban_poor_access,good,21.3
35.0,SC,8.82,592.1,4.36,1.01,urban_poor_access,good,30.2
4.6,SC,9.48,575.7,9.37,1.6,urban_good_access,moderate,35.1
20.4,SC,2.94,627.1,10.07,4.13,urban_good_access,good,28.4
21.1,SC,5.99,400.1,1.0,1.92,urban_poor_access,good,29.9
21.5,SC,8.74,313.0,2.5,1.16,urban_good_access,moderate,33.6
24.2,SC,22.62,461.1,4.64,2.62,urban_poor_access,good,39.9
17.9,SC,21.06,774.7,9.44,4.51,rural,moderate,31.1
22.1,SS,3.3,906.3,15.06,4.99,urban_good_access,poor,16.7
15.6,SS,4.1,622.2,10.03,2.44,rural,moderate,17.9
14.5,SS,10.8,930.7,13.14,4.79,urban_good_access,poor,15.5
25.4,SS,3.7,708.9,8.22,3.78,urban_good_access,good,21.3
19.0,SBeta-thal,6.25,870.7,14.61,4.91,rural,good,25.4
33.2,SS,3.78,721.2,9.42,2.6,rural,poor,13.7
40.2,SC,6.22,545.7,7.03,0.89,urban_poor_access,poor,24.2
31.5,SS,4.61,1036.1,17.52,6.47,urban_good_access,moderate,20.1
26.1,SS,2.38,1244.7,19.78,5.99,rural,good,13.5
28.3,SS,2.62,1091.8,19.91,4.79,urban_good_access,poor,19.2
29.6,SS,4.06,937.7,14.35,4.42,urban_poor_access,good,14.8
23.9,SC,1.64,527.6,6.0,2.46,urban_good_access,good,28.9
26.6,SS,3.97,766.7,10.38,2.45,urban_poor_access,good,20.4
29.1,SS,4.34,1097.1,13.07,5.64,rural,good,18.2
39.3,SS,3.89,893.0,16.33,2.87,rural,good,20.0
25.8,SC,3.81,680.6,5.23,2.17,urban_good_access,moderate,28.0
14.3,SC,1.26,553.3,6.23,2.23,urban_poor_access,poor,25.2
16.6,SS,3.02,648.9,10.66,2.96,urban_poor_access,moderate,14.6
15.3,SS,9.77,903.3,13.37,4.49,urban_poor_access,good,17.1
29.3,SS,6.32,718.5,11.54,3.43,rural,moderate,20.7
24.8,SC,14.25,585.8,4.3,1.81,urban_poor_access,moderate,29.7
13.0,SC,1.27,479.0,5.54,0.72,urban_good_access,moderate,28.9
23.6,SS,7.73,1007.2,15.21,6.29,urban_good_access,good,18.3
19.5,SC,5.87,537.9,10.13,2.33,urban_poor_access,good,28.2
43.3,SC,1.83,338.9,3.05,0.2,rural,moderate,28.0
3.8,SS,1.86,1083.5,14.88,5.76,urban_poor_access,moderate,12.8
13.1,SS,14.07,897.3,16.01,4.83,urban_poor_access,moderate,21.8
23.1,SS,11.61,898.8,13.07,4.31,rural,moderate,20.5
25.9,SBeta-thal,3.07,913.4,16.31,5.13,urban_good_access,good,26.0
33.2,SS,7.21,1124.8,13.25,5.96,urban_poor_access,good,16.3
31.3,SS,17.98,597.9,9.78,2.97,urban_poor_access,good,28.5
5.6,SS,5.56,882.6,11.05,4.94,urban_poor_access,good,15.4
26.4,SS,2.85,1048.3,12.84,5.23,rural,good,16.5
34.5,SS,12.67,1087.7,14.91,7.01,urban_poor_access,good,16.5
20.8,SS,3.78,1140.0,13.5,5.83,urban_poor_access,poor,12.0
2.0,SC,9.96,648.3,9.83,2.68,urban_good_access,good,34.4
20.9,SS,3.03,1021.7,13.87,5.07,rural,good,17.8
36.6,SS,6.56,1126.1,15.48,5.66,urban_good_access,good,20.3
24.1,SS,25.13,742.3,7.61,4.49,urban_good_access,good,30.9
40.9,SS,6.64,1129.1,10.7,3.87,rural,moderate,17.4
17.0,SS,2.86,937.4,8.47,3.75,urban_poor_access,good,13.7
25.6,SS,2.59,823.2,16.44,4.05,urban_good_access,good,22.8
18.9,SBeta-thal,11.28,872.9,12.43,3.97,urban_poor_access,moderate,25.4
25.8,SS,2.48,728.5,13.27,3.38,urban_good_access,moderate,19.6
15.2,SS,9.03,1351.9,20.56,6.07,urban_good_access,good,17.5
27.9,SS,2.77,1055.1,12.29,4.42,urban_poor_access,moderate,12.0
35.2,SS,4.18,1155.2,16.89,5.25,urban_poor_access,good,14.6
14.4,SC,5.63,657.5,5.23,3.52,urban_good_access,moderate,32.7
3.0,SS,3.87,898.1,15.07,3.51,urban_good_access,good,18.7
28.4,SS,7.16,878.5,10.61,6.84,urban_poor_access,moderate,16.8
4.2,SS,6.02,636.9,10.98,3.66,urban_poor_access,moderate,20.3
25.6,SS,8.91,967.3,10.41,4.07,urban_poor_access,poor,19.5
17.7,SS,4.66,1041.2,12.69,5.99,urban_poor_access,good,18.2
33.7,SS,13.95,987.8,14.15,4.85,urban_good_access,moderate,21.3
12.4,SBeta-thal,4.72,482.4,6.21,2.56,urban_good_access,good,25.9
2.0,SS,8.37,885.3,12.27,5.4,urban_poor_access,moderate,19.1
13.3,SC,10.06,635.9,15.19,3.95,rural,good,28.8
21.6,SBeta-thal,4.6,755.4,9.85,2.87,urban_poor_access,moderate,23.2
41.2,SC,11.71,754.8,17.88,4.26,urban_poor_access,good,28.0
17.7,SS,3.68,801.7,12.19,3.72,rural,moderate,15.7
24.8,SS,5.98,776.9,11.26,3.39,urban_good_access,poor,18.8
4.8,SS,1.33,839.9,14.61,5.39,rural,good,13.4
21.6,SS,1.57,805.8,11.44,5.14,rural,moderate,15.8
13.2,SS,7.73,779.6,10.2,3.26,urban_poor_access,moderate,14.7
11.2,SS,3.27,928.5,11.58,5.65,urban_good_access,poor,15.4
29.1,SS,3.35,1149.8,19.0,6.12,urban_good_access,poor,14.9
2.0,SBeta-thal,2.9,964.6,15.48,4.45,rural,good,20.3
25.3,SC,2.74,590.8,8.81,2.62,rural,poor,22.9
19.9,SS,4.2,829.7,13.11,4.57,urban_poor_access,poor,13.9
13.9,SC,7.76,638.7,2.71,2.8,urban_good_access,good,33.2
21.6,SS,2.24,1029.9,19.02,5.97,urban_poor_access,good,18.2
3.9,SS,6.85,562.8,7.04,2.87,urban_poor_access,good,22.2
27.8,SS,1.87,759.4,10.53,2.79,rural,poor,14.7
16.6,SS,6.09,643.8,11.35,2.61,urban_good_access,moderate,20.4
22.4,SS,2.55,932.8,15.55,4.42,rural,good,21.5
17.5,SC,1.53,794.3,12.25,4.14,rural,moderate,25.6
12.3,SS,6.26,1069.4,18.52,4.8,rural,poor,13.2
32.7,SBeta-thal,8.48,1116.5,15.96,5.59,urban_good_access,good,27.5
11.1,SBeta-thal,16.29,511.6,9.42,2.89,urban_poor_access,poor,23.6
29.2,SS,6.93,951.1,13.67,5.77,urban_good_access,good,23.3
21.3,SS,1.71,758.1,11.78,3.03,urban_poor_access,moderate,18.9
21.5,SS,8.97,1203.1,19.83,6.54,urban_good_access,moderate,16.4
8.1,SS,1.41,609.0,9.32,2.4,rural,poor,16.4
16.9,SS,6.34,817.3,12.45,4.84,rural,moderate,14.2
28.8,SC,4.73,659.0,5.25,2.12,urban_good_access,good,33.9
27.3,SS,3.97,1094.9,14.91,4.6,rural,moderate,15.6
6.2,SS,3.46,1196.9,20.61,5.49,urban_poor_access,moderate,13.9
8.5,SC,4.71,818.5,11.83,3.38,urban_poor_access,moderate,27.8
12.9,SC,5.14,852.6,14.53,3.25,urban_poor_access,good,24.7
23.8,SS,3.95,877.5,15.52,4.08,rural,moderate,13.5
26.9,SS,4.36,917.8,12.13,3.95,urban_good_access,good,19.8
27.1,SS,8.46,876.1,16.89,4.04,urban_good_access,good,23.0
10.4,SS,22.17,916.2,15.25,4.24,rural,poor,19.5
24.3,SS,11.49,1013.6,8.91,4.87,urban_poor_access,poor,19.5
15.3,SS,6.06,944.5,12.91,4.75,urban_good_access,good,22.3
2.0,SBeta-thal,5.71,800.1,13.99,4.55,urban_good_access,moderate,23.6
32.5,SS,4.2,848.9,11.58,4.19,urban_poor_access,poor,13.4
14.9,SBeta-thal,8.02,626.8,7.74,3.81,urban_good_access,good,29.6
42.6,SC,7.16,416.0,5.76,0.69,rural,good,29.4
23.6,SC,6.52,698.0,9.06,3.08,rural,good,26.7
12.7,SS,1.53,981.8,13.42,4.91,rural,poor,12.0
22.3,SS,5.72,754.3,10.54,4.17,urban_poor_access,moderate,20.5
17.4,SS,17.59,921.2,14.01,5.29,urban_good_access,good,27.2
17.0,SS,4.76,808.5,15.93,5.03,urban_good_access,good,19.5
20.5,SS,3.4,939.6,12.02,4.06,urban_poor_access,good,16.1
28.5,SS,3.46,1031.5,13.63,5.59,rural,moderate,15.6
13.9,SBeta-thal,18.9,801.3,8.53,3.75,rural,good,28.4
39.2,SBeta-thal,7.62,630.5,6.83,1.75,rural,moderate,25.7
14.1,SS,6.11,881.4,14.56,5.37,urban_poor_access,good,21.2
2.0,SS,8.53,689.5,11.88,4.33,urban_poor_access,good,20.5
27.6,SS,1.86,1157.1,19.84,6.46,urban_poor_access,moderate,13.3
35.6,SC,1.12,596.2,6.82,1.87,urban_good_access,good,27.6
31.1,SS,4.65,941.4,14.85,4.76,urban_good_access,poor,18.3
29.3,SS,3.05,967.9,13.19,4.3,rural,good,14.6
6.0,SS,1.29,1156.7,17.69,7.65,rural,good,13.5
5.3,SS,1.2,767.4,10.53,2.04,urban_poor_access,moderate,17.4
11.3,SBeta-thal,3.4,753.6,8.53,2.91,urban_good_access,moderate,22.4
18.5,SS,3.08,1140.0,22.57,7.03,urban_good_access,poor,14.0
37.0,SBeta-thal,5.99,659.9,12.09,2.77,rural,poor,21.9
36.6,SC,15.23,959.9,11.01,2.46,urban_poor_access,good,30.3
28.4,SS,6.63,489.0,8.24,2.9,urban_good_access,good,23.6
32.0,SS,3.29,897.5,14.93,4.44,rural,moderate,15.4
11.5,SS,6.17,941.6,11.62,5.01,urban_poor_access,good,16.4
15.6,SS,10.8,1167.8,20.94,7.08,rural,good,16.5
29.8,SS,4.82,1267.9,18.33,7.24,urban_poor_access,good,15.4
17.5,SBeta-thal,12.74,795.1,10.81,4.04,urban_poor_access,good,27.2
26.8,SS,6.87,911.6,11.62,4.22,urban_poor_access,good,17.7
20.2,SS,2.94,1035.6,13.73,5.39,rural,poor,12.0
4.6,SS,0.94,726.4,11.89,4.3,urban_good_access,good,22.1
24.3,SS,5.3,562.4,9.56,2.8,rural,moderate,18.5
22.6,SS,2.93,906.3,14.96,3.48,urban_good_access,poor,16.3
12.5,SS,3.2,1149.5,19.21,6.38,urban_good_access,good,17.3
39.4,SS,19.0,1092.1,19.73,6.56,urban_poor_access,poor,15.0
47.0,SC,8.75,573.6,6.74,2.65,rural,moderate,24.2
18.3,SC,10.62,784.3,8.09,3.25,urban_good_access,poor,27.5
18.7,SS,6.34,995.3,15.44,4.11,urban_poor_access,poor,16.6
15.7,SS,13.05,880.9,11.74,4.21,rural,moderate,18.8
6.1,SBeta-thal,11.86,672.5,6.44,3.68,urban_poor_access,good,26.6
18.7,SS,4.93,624.8,8.77,2.64,urban_good_access,poor,20.7
14.9,SS,10.28,1005.5,13.48,4.85,urban_good_access,good,22.6
21.8,SS,1.73,850.0,11.31,3.64,urban_good_access,moderate,15.6
21.0,SS,0.89,1025.0,14.06,4.43,urban_poor_access,moderate,12.4
26.5,SS,10.45,852.8,10.32,4.98,urban_good_access,moderate,19.7
25.0,SBeta-thal,4.65,829.3,10.85,3.5,urban_good_access,poor,23.0
22.0,SS,4.99,974.5,13.5,5.59,urban_poor_access,moderate,14.9
24.7,SBeta-thal,18.01,706.8,10.93,3.55,urban_poor_access,moderate,26.2
35.9,SS,4.24,980.4,14.9,4.39,rural,good,17.0
14.3,SS,4.44,822.4,12.61,5.48,urban_good_access,good,22.3
25.5,SS,3.05,1350.3,18.61,5.63,urban_poor_access,good,13.5
7.0,SS,2.26,703.8,10.52,3.12,rural,poor,15.2
29.7,SS,4.34,1008.7,14.82,4.59,urban_good_access,moderate,18.5
30.8,SS,2.41,911.7,16.5,4.25,urban_poor_access,poor,13.0
24.4,SS,3.12,1173.0,17.98,6.55,urban_good_access,good,18.4
16.6,SS,1.33,940.0,10.37,4.29,urban_poor_access,moderate,17.6
12.6,SC,4.68,576.4,4.19,3.15,urban_good_access,good,30.8
9.6,SBeta-thal,1.45,621.9,8.77,3.77,urban_good_access,good,22.5
41.2,SS,4.34,995.4,15.47,6.64,rural,moderate,12.0
10.4,SS,30.0,750.6,13.06,3.95,urban_poor_access,good,28.2
20.0,SS,15.68,908.1,15.84,6.8,urban_poor_access,good,15.5
37.3,SC,3.84,690.6,8.44,3.99,urban_poor_access,moderate,30.9
16.2,SS,12.18,889.7,15.9,5.15,urban_poor_access,moderate,18.6
19.5,SS,1.02,639.5,10.15,2.39,rural,moderate,16.8
20.0,SS,2.79,1163.2,16.57,6.83,urban_poor_access,good,16.5
15.9,SC,2.87,482.4,6.33,2.55,rural,good,29.6
26.6,SS,6.65,974.1,12.92,6.27,urban_good_access,good,20.9
16.1,SS,3.53,865.4,10.62,4.58,urban_poor_access,good,21.5
21.2,SS,0.95,726.6,13.6,4.59,urban_poor_access,poor,13.6
26.8,SS,9.89,1117.9,15.53,4.92,urban_good_access,moderate,20.6
13.0,SS,3.35,1032.1,13.29,5.38,urban_good_access,good,19.2
33.6,SC,5.15,491.3,9.08,2.3,urban_poor_access,good,31.8
45.2,SC,7.03,724.9,11.09,3.14,urban_poor_access,moderate,27.4
28.2,SS,5.29,860.7,13.21,4.31,urban_good_access,good,24.3
21.3,SC,4.07,650.7,8.47,1.99,urban_good_access,good,33.5
15.0,SS,6.68,937.0,16.35,4.58,rural,moderate,19.9
4.7,SBeta-thal,12.74,746.1,14.7,4.2,urban_good_access,moderate,27.2
2.8,SS,5.57,956.0,20.27,5.27,urban_good_access,good,20.8
36.9,SS,5.58,1061.7,15.52,6.39,urban_poor_access,moderate,12.3
5.6,SS,1.47,1016.3,15.93,5.82,urban_good_access,good,18.4
28.8,SS,5.31,972.1,10.67,5.24,rural,poor,12.0
35.2,SS,1.48,1165.0,19.01,6.78,rural,good,12.0
25.1,SS,3.62,1197.6,14.16,5.01,urban_good_access,moderate,17.2
11.2,SS,15.64,1071.2,17.13,5.71,urban_good_access,moderate,25.3
11.4,SBeta-thal,2.47,949.3,12.97,2.94,rural,good,22.7
10.3,SC,5.06,245.3,5.52,0.2,rural,good,33.3
24.5,SC,12.41,783.2,12.21,3.76,urban_good_access,moderate,30.1
33.1,SS,14.01,1045.3,11.0,3.87,rural,moderate,17.1
2.0,SC,3.52,562.4,9.31,4.27,rural,moderate,25.8
12.6,SS,5.46,982.5,15.05,4.87,rural,moderate,13.9
18.4,SS,8.69,817.8,13.54,3.14,urban_poor_access,moderate,16.7
31.5,SC,7.36,665.7,7.91,3.04,urban_poor_access,poor,25.9
35.4,SS,3.41,1096.2,17.73,6.37,urban_poor_access,poor,12.0
32.3,SS,6.57,889.9,13.94,4.25,urban_good_access,poor,17.1
22.9,SBeta-thal,9.81,1088.2,16.03,5.24,urban_poor_access,good,19.5
24.5,SC,8.59,505.6,5.85,1.41,urban_good_access,moderate,32.3
17.4,SS,1.61,785.6,9.82,2.59,urban_poor_access,good,19.2
19.6,SS,4.85,647.1,10.03,2.4,rural,good,17.1
30.8,SS,4.12,735.8,10.35,4.31,rural,good,17.5
23.3,SC,2.5,679.1,9.5,3.66,rural,moderate,30.2
32.2,SS,3.46,933.6,12.62,5.56,urban_poor_access,good,20.2
35.0,SC,5.15,513.3,10.46,3.08,rural,moderate,24.5
25.6,SC,5.19,723.9,14.59,3.43,urban_good_access,good,31.5
10.6,SS,4.18,649.5,7.25,1.74,urban_good_access,good,22.0
23.0,SS,4.81,869.0,14.0,5.31,rural,good,19.1
4.9,SS,16.14,1000.6,15.99,5.38,urban_good_access,moderate,16.7
29.1,SS,4.86,889.3,14.65,5.19,urban_good_access,moderate,23.5
2.0,SC,4.2,625.3,6.77,2.17,urban_poor_access,moderate,30.2
9.7,SC,7.03,536.2,6.83,2.09,urban_good_access,good,32.1
36.4,SC,9.95,758.1,12.46,3.22,urban_poor_access,moderate,26.2
33.9,SS,3.35,1066.5,17.54,6.1,urban_good_access,moderate,19.0
8.4,SS,1.03,1006.4,16.42,4.73,urban_good_access,moderate,17.2
6.1,SS,4.64,926.5,14.42,5.6,urban_good_access,good,17.9
20.7,SS,6.95,619.1,8.38,2.94,urban_poor_access,moderate,22.9
21.6,SS,15.67,895.7,11.36,3.58,rural,moderate,20.7
4.4,SS,2.98,822.7,16.57,5.06,rural,good,15.5
15.6,SS,3.13,1121.9,15.61,4.86,urban_poor_access,moderate,12.0
5.2,SC,5.67,629.5,10.06,4.6,urban_poor_access,good,28.8
18.9,SS,3.3,860.2,15.98,4.7,urban_good_access,poor,15.9
19.6,SC,3.91,712.6,9.84,3.88,urban_good_access,moderate,30.8
12.8,SS,1.38,786.1,13.5,4.54,rural,good,16.1
14.0,SC,6.52,776.7,14.35,3.32,urban_good_access,moderate,32.8
22.8,SS,1.34,799.3,10.61,3.09,urban_poor_access,moderate,14.3
22.5,SC,3.22,500.4,7.71,3.06,urban_good_access,moderate,26.5
26.7,SS,7.97,1019.4,13.24,4.88,rural,moderate,14.4
25.9,SS,5.44,784.7,12.21,3.04,rural,good,17.1
4.8,SS,13.21,1170.8,15.87,7.27,rural,poor,12.0
17.0,SS,21.72,695.9,7.93,2.26,rural,good,25.7
24.7,SC,4.09,674.4,10.84,4.08,urban_good_access,moderate,30.0
37.0,SS,3.77,970.2,15.33,5.05,urban_poor_access,good,13.7
34.1,SBeta-thal,2.87,1059.5,18.11,5.41,urban_good_access,moderate,19.0
41.9,SC,3.82,788.4,7.56,2.29,rural,poor,23.9
25.3,SS,3.24,832.0,13.39,4.83,rural,good,17.3
29.9,SS,2.15,1058.9,17.88,5.25,rural,good,16.7
23.9,SC,0.83,644.3,7.49,2.72,urban_good_access,moderate,26.2
2.0,SC,12.39,773.7,13.91,4.51,urban_poor_access,poor,27.3
26.8,SS,3.06,579.9,4.49,1.33,urban_poor_access,good,21.6
58.2,SS,3.64,925.4,17.23,5.03,urban_good_access,good,22.2
27.3,SS,5.8,1097.5,17.5,6.59,urban_good_access,poor,12.0
14.9,SBeta-thal,3.43,1120.8,18.9,5.19,urban_poor_access,good,19.7
3.5,SS,8.49,954.0,17.35,5.96,rural,poor,13.7
38.7,SC,1.42,765.0,14.14,3.51,rural,poor,19.8
28.3,SS,5.55,816.8,13.04,5.35,urban_poor_access,poor,14.0
32.9,SS,12.66,555.2,6.77,3.32,urban_good_access,good,27.3
8.6,SC,15.88,362.9,4.37,2.09,urban_good_access,moderate,35.6
30.0,SS,9.45,745.9,14.36,4.35,urban_good_access,good,21.8
11.1,SS,0.55,980.1,13.26,5.47,urban_good_access,good,19.2
10.0,SS,1.96,959.1,11.8,5.43,urban_good_access,moderate,21.3
19.2,SBeta-thal,6.21,733.8,15.78,2.04,rural,good,22.4
45.5,SS,3.41,982.1,13.9,5.16,urban_good_access,moderate,20.0
32.4,SS,4.27,949.7,14.42,5.19,urban_poor_access,good,17.9
6.7,SS,2.76,931.5,15.33,6.0,urban_good_access,moderate,16.0
27.6,SS,3.25,1058.0,15.29,4.35,urban_good_access,good,18.9
2.0,SC,2.43,651.8,12.89,2.77,rural,moderate,23.1
32.1,SS,2.94,960.2,12.47,5.57,urban_good_access,good,20.4
22.7,SBeta-thal,5.73,740.6,10.56,1.9,rural,moderate,22.6
13.9,SS,8.35,903.9,12.46,4.43,rural,moderate,17.9
10.3,SS,1.1,1044.3,13.21,4.23,urban_poor_access,moderate,14.3
32.5,SC,2.33,224.5,1.81,0.66,urban_poor_access,good,29.1
28.8,SS,8.67,746.7,10.79,3.95,rural,good,18.0
22.8,SS,4.6,894.9,10.48,5.04,urban_good_access,moderate,21.4
22.1,SBeta-thal,4.51,745.2,11.47,3.78,urban_poor_access,good,23.4
18.5,SC,3.34,682.6,10.0,3.53,urban_good_access,good,28.7
6.7,SS,13.95,643.4,9.9,2.94,urban_poor_access,moderate,19.4
41.3,SS,3.03,813.9,13.32,4.17,urban_good_access,good,19.6
33.6,SS,4.65,1161.1,22.42,6.51,urban_good_access,poor,13.1
31.9,SBeta-thal,3.06,826.8,10.29,3.85,urban_good_access,good,27.1
3.6,SS,3.4,810.5,9.28,5.36,rural,moderate,12.5
12.1,SS,8.88,639.2,9.9,4.68,urban_good_access,moderate,24.7
11.8,SS,15.15,898.9,16.69,3.52,urban_poor_access,good,25.5
31.9,SS,1.77,934.5,13.11,4.47,urban_poor_access,good,16.2
19.0,SS,3.2,862.6,14.17,6.32,rural,moderate,13.8
11.8,SS,4.21,1303.6,17.62,6.17,rural,moderate,12.0
35.6,SS,3.74,995.2,16.77,5.44,urban_good_access,poor,13.0
16.0,SS,5.63,901.6,16.28,5.33,urban_poor_access,good,19.9
24.3,SC,7.19,617.8,2.86,2.18,rural,good,33.5
37.7,SC,4.43,779.0,11.29,3.01,rural,good,29.0
37.5,SS,5.84,1079.2,18.51,5.58,urban_poor_access,moderate,16.7
19.2,SS,6.67,900.3,10.16,3.39,urban_poor_access,moderate,16.1
9.9,SS,3.63,844.1,14.31,3.98,urban_poor_access,good,15.1
28.4,SS,10.36,816.9,12.47,2.98,urban_good_access,good,27.0
19.0,SS,1.36,1182.7,17.55,5.89,urban_good_access,moderate,14.8
30.1,SS,6.35,915.8,17.04,5.68,urban_good_access,poor,20.5
28.2,SS,2.13,979.9,15.46,4.94,urban_good_access,poor,16.1
2.0,SC,2.15,712.3,10.49,2.87,urban_poor_access,poor,22.8
22.8,SC,1.4,924.2,7.55,3.02,urban_good_access,good,29.8
10.3,SS,5.39,1149.4,16.87,5.68,urban_good_access,moderate,14.2
46.3,SS,6.21,853.0,17.37,3.91,urban_poor_access,good,17.8
17.1,SS,1.59,959.2,13.38,4.29,urban_good_access,moderate,16.9
19.3,SS,3.77,1025.1,19.76,5.94,rural,moderate,12.5
17.7,SS,5.06,775.8,12.5,3.22,urban_good_access,moderate,17.8
31.5,SS,3.55,937.8,16.35,5.25,urban_poor_access,moderate,12.0
10.2,SC,5.54,987.6,15.04,4.47,urban_good_access,moderate,26.2
7.6,SS,9.32,800.1,13.66,4.28,urban_good_access,moderate,22.8
18.1,SS,0.8,871.6,15.31,4.5,rural,poor,13.4
31.1,SS,4.4,1222.7,16.83,5.5,urban_poor_access,moderate,15.9
23.4,SS,3.41,1198.6,17.31,7.03,rural,moderate,13.4
16.5,SC,3.37,562.4,10.55,1.89,urban_poor_access,moderate,31.1
14.0,SS,20.08,918.1,13.93,4.22,urban_poor_access,poor,21.2
15.1,SS,7.84,1140.0,17.18,5.87,rural,good,14.9
10.0,SBeta-thal,23.59,489.9,8.17,2.06,rural,moderate,32.6
24.3,SS,2.12,1190.8,14.26,4.9,rural,poor,12.0
11.5,SS,13.88,1009.6,20.35,4.35,rural,poor,15.6
22.7,SS,16.22,955.1,18.47,5.18,urban_good_access,moderate,20.1
23.9,SS,8.65,886.7,15.01,5.05,rural,poor,14.3
30.4,SS,8.64,797.8,8.27,3.62,urban_good_access,poor,18.5
24.6,SS,2.36,1009.5,10.49,3.55,urban_good_access,poor,18.3
11.6,SC,2.54,560.7,5.26,1.6,urban_good_access,poor,29.4
29.8,SS,3.67,678.8,12.57,2.99,urban_good_access,moderate,20.0
17.7,SS,3.97,1143.1,18.31,4.88,urban_good_access,good,17.8
27.4,SS,4.01,1313.7,20.87,5.57,urban_good_access,moderate,17.9
3.1,SBeta-thal,5.11,814.1,11.11,4.07,urban_good_access,moderate,24.7
11.1,SBeta-thal,3.73,950.4,10.11,4.97,urban_poor_access,good,20.3
33.6,SS,6.13,1046.5,12.82,5.06,urban_poor_access,poor,12.0
21.5,SBeta-thal,2.19,1040.0,13.27,4.17,urban_poor_access,good,23.5
18.5,SC,9.89,1005.5,9.84,3.23,urban_good_access,good,29.5
24.1,SS,5.28,1026.8,9.8,5.35,rural,good,18.6
17.1,SS,5.91,1173.2,17.66,5.49,rural,moderate,15.0
30.9,SS,3.78,1145.5,17.5,6.58,rural,moderate,13.1
26.3,SC,16.21,672.7,9.42,2.48,rural,poor,25.7
30.2,SS,3.2,1027.0,13.7,5.05,urban_poor_access,moderate,12.5
34.7,SBeta-thal,26.71,716.0,11.21,3.09,urban_good_access,good,37.1
12.6,SS,10.77,1013.3,14.73,5.13,urban_good_access,moderate,19.4
20.7,SC,8.01,591.7,11.9,2.57,urban_poor_access,good,29.9
2.0,SS,5.79,951.4,15.05,4.8,rural,moderate,14.5
27.4,SS,4.01,980.2,14.66,3.98,urban_good_access,good,23.3
25.6,SS,1.83,879.8,15.07,4.83,urban_good_access,good,17.3
18.5,SC,5.54,708.8,3.62,2.2,rural,good,28.0
21.9,SS,6.51,1112.4,16.75,6.08,urban_poor_access,good,19.2
8.6,SS,4.21,524.6,8.72,1.69,rural,good,17.8
20.5,SS,4.77,1019.8,13.92,5.56,urban_poor_access,moderate,17.8
43.1,SS,2.26,859.2,13.0,3.94,urban_poor_access,good,19.6
21.2,SS,11.6,833.8,12.7,4.89,rural,good,22.1
27.7,SC,4.55,742.5,6.7,2.02,urban_good_access,good,30.3
16.3,SS,5.43,922.6,14.1,4.38,urban_poor_access,good,21.7
13.7,SBeta-thal,4.84,868.1,11.2,3.68,urban_poor_access,good,25.3
34.9,SS,4.2,1002.9,14.76,4.28,urban_poor_access,moderate,13.6
19.2,SC,4.41,621.5,7.35,2.04,urban_poor_access,moderate,27.8
10.7,SS,7.31,904.8,12.41,4.21,urban_good_access,good,18.7
15.8,SS,4.52,504.7,7.29,2.03,rural,moderate,18.5
34.1,SBeta-thal,7.17,523.0,4.67,1.27,rural,good,22.4
2.1,SS,3.7,1192.2,17.56,6.34,urban_good_access,poor,14.8
23.4,SC,5.79,655.3,9.14,1.49,rural,moderate,27.9
16.8,SBeta-thal,4.48,963.1,19.63,4.74,urban_good_access,moderate,20.5
41.8,SS,2.58,619.9,8.69,2.26,urban_good_access,good,19.2
26.0,SS,9.94,1220.0,21.18,6.26,urban_poor_access,good,15.9
33.0,SBeta-thal,10.15,866.0,11.81,4.67,urban_good_access,good,26.9
16.0,SS,15.1,1009.4,14.29,5.13,urban_poor_access,good,20.7
13.7,SS,1.84,918.1,12.91,4.03,urban_good_access,good,15.0
26.0,SS,1.94,945.4,14.36,4.96,urban_good_access,good,20.7
13.0,SC,2.96,699.1,8.78,3.92,urban_good_access,poor,27.3
35.4,SS,4.35,925.5,15.32,5.09,urban_poor_access,good,15.4
15.6,SS,11.77,882.1,13.24,4.35,urban_poor_access,moderate,21.8
2.0,SBeta-thal,22.97,673.3,9.59,2.69,urban_poor_access,good,32.6
33.3,SC,3.21,1005.1,9.69,3.47,urban_poor_access,good,28.4
17.1,SBeta-thal,14.69,874.1,17.57,5.8,urban_good_access,moderate,25.7
20.9,SS,4.02,1195.2,18.34,6.88,urban_good_access,poor,12.0
2.0,SC,8.11,509.5,7.81,1.01,urban_good_access,poor,31.0
6.5,SC,8.21,657.9,12.5,3.95,rural,good,29.6
29.2,SS,9.12,1069.0,16.57,5.63,urban_poor_access,good,18.6
21.5,SS,1.29,1042.6,16.76,4.88,rural,moderate,14.4
4.8,SS,10.16,1063.1,15.04,4.86,urban_poor_access,poor,15.4
28.4,SS,18.09,797.0,13.63,4.73,urban_poor_access,moderate,21.4
28.4,SS,2.03,1008.2,17.96,5.35,rural,moderate,12.0
10.1,SS,6.68,999.9,19.58,4.74,urban_poor_access,moderate,16.3
36.0,SC,13.3,713.0,11.85,1.77,urban_poor_access,good,29.8
2.0,SS,9.34,971.2,13.99,4.37,urban_poor_access,moderate,19.5
18.8,SS,5.64,1227.8,18.19,6.33,urban_good_access,good,19.1
50.5,SS,2.69,1179.2,16.39,5.23,rural,good,13.7
26.6,SBeta-thal,2.71,596.8,11.96,3.17,urban_poor_access,good,25.0
34.9,SS,2.11,1088.4,15.5,5.55,urban_poor_access,moderate,13.6
15.2,SC,2.51,495.3,5.08,2.69,rural,poor,22.7
45.0,SS,5.73,659.1,9.28,3.14,rural,moderate,16.4
33.7,SC,1.49,998.9,14.66,5.51,urban_poor_access,good,23.8
15.3,SS,3.34,959.9,13.85,5.0,urban_good_access,poor,17.8
23.9,SBeta-thal,2.42,796.6,11.97,3.67,urban_good_access,good,22.2
37.9,SS,1.2,843.7,12.76,3.73,urban_good_access,poor,14.8
15.9,SC,1.97,533.8,8.21,2.07,urban_poor_access,good,30.8
4.7,SBeta-thal,20.66,669.3,7.8,1.83,rural,moderate,26.1
26.0,SC,3.69,862.6,11.4,3.58,rural,poor,24.2
12.1,SS,5.86,701.0,11.13,2.61,urban_good_access,poor,17.0
20.0,SS,1.42,1036.9,13.84,5.76,urban_good_access,moderate,15.7
2.0,SS,2.47,1108.0,11.5,5.06,urban_good_access,moderate,19.5
16.2,SS,4.01,885.2,13.86,5.37,urban_good_access,poor,18.2
6.4,SC,5.65,931.2,12.92,3.76,rural,good,27.7
42.2,SS,5.57,767.8,14.97,3.88,rural,poor,15.5
27.8,SS,5.55,841.7,15.17,4.42,rural,poor,13.5
22.4,SS,1.12,742.7,10.59,3.78,rural,good,18.9
31.7,SS,4.76,938.1,10.63,4.28,rural,moderate,17.0
10.5,SS,4.8,683.5,11.83,2.09,urban_good_access,moderate,21.3
31.1,SS,2.01,1196.5,18.83,6.35,rural,good,15.4
16.9,SS,6.02,925.3,14.89,5.49,urban_good_access,moderate,21.6
17.7,SS,2.98,872.0,13.09,4.35,urban_good_access,good,21.6
22.6,SS,7.43,880.5,15.26,4.87,urban_good_access,good,21.8
29.8,SS,10.25,923.3,14.21,4.72,rural,poor,13.0
21.9,SBeta-thal,7.31,741.1,15.87,3.35,rural,good,24.8
25.0,SC,4.94,876.6,9.43,2.74,urban_poor_access,poor,28.6
21.5,SBeta-thal,2.03,740.3,9.91,2.91,rural,moderate,21.2
9.5,SS,1.37,566.6,10.25,3.48,rural,poor,13.7
22.1,SS,2.06,883.7,14.61,4.52,rural,moderate,14.9
15.5,SC,8.18,640.1,9.86,3.38,rural,moderate,26.7
28.9,SS,3.7,703.6,10.81,3.92,rural,moderate,15.4
30.5,SS,3.14,1171.6,17.84,5.43,urban_poor_access,poor,12.0
19.6,SC,3.82,782.6,10.25,2.67,urban_poor_access,moderate,29.0
9.5,SS,14.03,1086.8,18.93,4.65,urban_poor_access,poor,12.3
16.3,SC,3.37,915.0,9.7,4.5,urban_good_access,moderate,25.3
34.8,SC,1.88,607.9,5.02,1.99,urban_good_access,moderate,29.6
23.9,SC,4.21,805.0,10.83,3.16,rural,moderate,24.8
6.8,SBeta-thal,15.73,756.0,11.01,3.44,rural,good,24.7
16.5,SS,7.64,666.0,8.89,2.71,urban_good_access,good,24.7
30.9,SS,4.94,981.4,20.37,6.03,rural,poor,12.0
32.7,SS,5.97,1053.9,11.12,3.48,urban_poor_access,moderate,14.5
35.4,SBeta-thal,17.16,929.2,13.14,3.96,urban_poor_access,moderate,26.1
29.8,SS,5.17,924.1,11.86,4.77,urban_poor_access,good,21.4
29.8,SS,7.02,861.1,14.41,5.7,urban_poor_access,moderate,16.9
20.5,SS,6.7,937.9,11.2,5.78,urban_poor_access,moderate,16.6
22.1,SC,9.31,764.7,14.6,3.55,rural,good,29.7
25.7,SS,21.38,1032.8,17.05,3.78,urban_poor_access,good,25.7
13.0,SS,11.06,1013.3,13.49,4.72,urban_poor_access,good,18.4
23.2,SS,4.82,713.8,11.84,1.87,urban_poor_access,moderate,17.6
22.6,SS,8.48,917.9,15.88,4.06,urban_poor_access,moderate,16.6
23.3,SS,17.92,816.6,12.65,2.63,urban_poor_access,good,21.8
24.4,SS,3.93,922.4,10.88,4.83,rural,poor,12.5
26.0,SC,7.62,685.6,9.41,2.8,urban_good_access,moderate,32.0
29.6,SS,3.84,836.0,13.88,3.84,urban_good_access,good,20.0
30.5,SS,9.37,1005.8,16.87,5.74,urban_good_access,good,21.1
43.0,SS,3.24,951.5,19.69,4.25,rural,good,14.5
9.3,SBeta-thal,5.3,705.3,9.08,2.99,urban_poor_access,good,23.5
33.2,SS,9.58,818.5,16.1,5.46,urban_poor_access,moderate,18.6
2.1,SS,6.47,1123.9,15.92,5.16,urban_poor_access,moderate,14.7
15.8,SS,7.33,1007.2,15.8,5.56,urban_poor_access,good,20.2
30.3,SC,14.27,753.3,8.81,3.25,urban_good_access,moderate,33.1
25.0,SS,16.79,923.5,15.59,4.61,rural,good,21.3
13.3,SS,10.46,810.0,10.7,4.23,urban_good_access,poor,19.4
19.9,SC,19.82,716.2,8.48,2.96,rural,good,33.0
17.5,SS,4.14,1066.9,20.25,6.47,rural,good,17.2
22.8,SS,1.96,1025.2,19.01,5.03,urban_good_access,good,18.9
27.0,SC,7.74,537.8,10.08,3.4,urban_good_access,moderate,30.5
20.8,SBeta-thal,2.28,1076.5,15.21,3.67,urban_good_access,poor,20.3
30.7,SBeta-thal,5.89,781.4,12.86,4.32,urban_good_access,good,27.1
17.1,SS,5.58,947.4,13.23,5.67,rural,poor,13.4
41.0,SS,12.31,676.6,7.68,2.84,urban_poor_access,moderate,22.5
23.9,SS,6.38,886.0,13.88,4.7,rural,moderate,13.7
2.0,SS,6.55,881.8,14.89,3.59,rural,moderate,16.7
16.3,SC,8.31,654.5,7.7,3.38,urban_good_access,moderate,30.6
17.1,SC,14.53,697.4,10.42,3.15,urban_poor_access,good,34.7
33.7,SS,6.27,942.7,14.93,5.6,urban_poor_access,moderate,12.1
40.3,SBeta-thal,3.95,774.3,13.02,4.85,urban_poor_access,good,19.4
27.6,SS,15.36,1132.8,13.7,5.87,rural,good,22.2
21.5,SS,4.59,712.3,13.8,3.17,rural,moderate,15.3
11.8,SC,2.07,432.5,4.59,0.2,urban_good_access,poor,30.3
26.4,SS,2.5,983.3,13.3,4.05,urban_poor_access,good,19.9
15.9,SBeta-thal,4.42,652.6,12.9,2.9,urban_poor_access,moderate,20.6
25.7,SS,5.25,920.3,12.54,5.12,urban_poor_access,good,16.1
19.6,SC,14.64,530.5,4.64,1.54,urban_poor_access,good,30.5
20.4,SS,8.83,913.6,13.13,4.75,urban_good_access,moderate,19.6
16.1,SS,4.37,981.0,15.85,6.09,urban_good_access,good,17.9
29.5,SC,8.57,681.2,7.82,3.76,rural,poor,26.8
34.5,SS,3.5,1048.7,16.62,4.15,rural,good,19.7
33.3,SC,16.08,335.9,5.14,0.46,rural,moderate,32.7
11.4,SS,11.88,651.5,9.48,3.65,urban_good_access,moderate,27.5
19.4,SS,5.21,843.6,10.89,3.3,rural,moderate,18.4
16.8,SS,2.38,1208.2,16.22,6.53,urban_poor_access,good,13.5
33.8,SS,2.45,1158.1,18.31,7.53,urban_good_access,good,15.2
22.3,SS,4.69,1029.5,17.19,5.89,urban_poor_access,good,16.2
10.9,SC,2.8,817.3,11.58,3.35,urban_poor_access,good,29.1
25.7,SS,5.56,812.0,10.04,3.51,rural,good,19.2
22.5,SS,3.22,905.7,15.08,3.35,urban_poor_access,moderate,16.5
25.5,SS,4.06,803.6,8.8,3.26,urban_good_access,moderate,19.4
11.9,SC,4.81,863.3,15.5,4.63,urban_poor_access,poor,22.1
24.5,SC,3.29,821.2,11.22,2.68,rural,moderate,22.0
10.6,SS,2.42,803.0,15.54,4.48,urban_good_access,good,19.4
15.7,SBeta-thal,16.77,733.1,12.9,4.53,urban_poor_access,moderate,22.6
21.3,SS,7.53,1285.2,21.01,6.77,rural,poor,12.2
22.5,SC,3.76,964.0,12.42,4.24,urban_good_access,good,26.0
29.2,SS,3.81,962.7,14.17,4.55,urban_good_access,moderate,19.4
46.6,SS,7.11,977.4,13.44,2.98,urban_good_access,moderate,16.1
5.8,SS,6.65,935.5,11.7,4.49,rural,poor,15.4
28.7,SS,3.26,747.3,10.8,4.42,urban_poor_access,good,19.8
14.5,SS,5.22,783.0,12.09,5.33,rural,moderate,16.5
27.9,SBeta-thal,5.45,841.6,12.53,3.21,rural,moderate,23.9
35.1,SS,3.64,1216.6,14.69,5.56,urban_good_access,poor,16.8
24.2,SC,11.74,989.2,11.96,5.08,rural,moderate,25.7
25.7,SS,5.84,986.6,13.6,6.03,urban_poor_access,good,14.8
32.3,SS,5.34,1123.9,16.88,5.21,rural,moderate,17.2
30.9,SS,1.75,967.5,11.85,4.2,urban_poor_access,good,20.0
37.0,SS,6.72,837.9,15.69,7.12,rural,poor,12.0
11.7,SS,2.91,604.4,7.4,3.3,rural,good,15.9
11.2,SC,8.31,800.0,12.93,3.21,urban_good_access,moderate,30.9
23.8,SS,1.38,1013.8,15.75,5.39,rural,good,12.1
29.9,SC,3.21,541.9,7.99,2.51,rural,moderate,27.2
23.8,SC,3.06,532.7,8.85,2.01,urban_poor_access,good,29.5
36.2,SS,4.86,1109.1,16.61,5.93,urban_good_access,moderate,18.4
27.9,SS,1.45,1128.1,21.66,7.35,urban_poor_access,poor,12.0
21.9,SS,2.29,1008.6,16.74,3.85,urban_poor_access,poor,12.7
24.7,SS,20.81,756.6,9.55,4.18,rural,moderate,20.8
20.7,SBeta-thal,5.08,937.1,11.43,3.76,rural,poor,17.8
33.9,SC,0.91,775.2,8.79,4.08,urban_good_access,moderate,28.1
6.3,SS,6.29,666.7,14.44,2.77,rural,good,21.6
27.3,SC,6.59,525.1,12.18,2.26,urban_poor_access,good,33.1
42.9,SS,4.69,1107.0,18.53,5.82,urban_good_access,good,21.3
38.7,SS,16.74,750.6,13.45,3.82,urban_good_access,moderate,23.5
23.4,SS,8.41,1076.1,16.9,4.82,urban_good_access,moderate,19.9
18.8,SS,15.62,812.7,9.4,3.81,rural,moderate,21.6
34.6,SS,1.35,823.3,10.44,3.06,rural,moderate,17.1
19.4,SS,5.77,773.1,14.86,3.23,urban_poor_access,moderate,20.1
13.9,SS,10.17,880.1,18.34,4.71,urban_poor_access,moderate,18.1
2.9,SS,19.72,997.5,10.73,4.03,rural,moderate,18.5
12.8,SC,6.5,814.6,14.36,4.7,urban_poor_access,moderate,26.2
39.9,SS,1.68,920.7,11.0,5.37,urban_poor_access,moderate,12.7
25.1,SS,4.17,810.6,9.86,4.19,rural,good,17.2
23.2,SS,4.14,816.8,11.83,4.48,rural,moderate,12.4
31.8,SS,14.28,1083.8,19.72,6.62,rural,poor,12.0
35.3,SS,3.87,1179.0,19.17,5.84,urban_good_access,moderate,18.7
20.6,SS,4.95,718.8,14.71,3.39,urban_good_access,good,23.2
2.0,SS,1.09,958.5,14.03,4.58,urban_poor_access,moderate,16.1
6.8,SC,6.6,462.3,3.91,1.65,rural,good,32.7
14.7,SS,7.63,1061.3,10.12,4.11,urban_poor_access,moderate,18.5
24.5,SS,3.66,996.1,17.51,6.47,rural,poor,12.0
26.0,SS,1.82,1004.3,14.2,4.3,urban_poor_access,poor,12.0
2.5,SS,6.45,642.3,6.82,2.53,rural,poor,16.0
21.5,SC,1.79,728.4,8.52,2.68,urban_good_access,good,32.9
30.7,SS,9.05,877.3,13.16,3.55,urban_poor_access,good,21.6
34.0,SS,6.02,827.3,12.42,3.57,urban_good_access,moderate,20.6
17.4,SBeta-thal,3.49,918.1,13.3,3.57,urban_good_access,moderate,22.3
21.7,SS,3.54,732.8,6.49,2.85,rural,moderate,18.6
10.6,SS,0.55,550.7,9.76,2.08,urban_good_access,good,19.9
2.0,SBeta-thal,4.98,668.8,9.23,2.83,urban_good_access,moderate,24.3
22.2,SC,3.86,974.9,13.65,4.8,urban_good_access,moderate,26.1
18.1,SS,10.39,716.2,7.92,3.16,rural,good,18.7
19.0,SC,5.93,961.5,12.92,5.04,rural,poor,23.6
42.5,SS,4.29,914.8,18.3,5.16,urban_good_access,good,18.3
21.4,SS,1.16,974.5,15.55,6.54,urban_poor_access,moderate,15.8
27.8,SBeta-thal,1.88,893.6,9.1,3.93,urban_good_access,good,24.9
25.5,SS,4.32,986.9,11.76,4.78,rural,moderate,16.9
29.2,SS,24.11,943.6,15.26,5.56,urban_good_access,good,28.9
26.4,SBeta-thal,2.22,947.1,14.93,3.97,urban_good_access,poor,19.1
23.4,SS,3.52,932.6,17.19,4.88,rural,poor,13.5
11.1,SS,17.11,984.1,15.13,5.02,urban_good_access,moderate,22.3
17.8,SBeta-thal,3.0,618.0,7.42,2.18,urban_poor_access,poor,21.7
23.5,SS,8.8,996.8,16.03,5.64,rural,good,16.3
33.2,SBeta-thal,4.01,641.0,9.14,0.88,urban_poor_access,good,26.4
37.8,SS,4.94,1035.4,17.63,4.75,urban_good_access,poor,17.2
10.6,SC,1.28,721.9,10.49,3.54,urban_good_access,poor,26.5
41.8,SS,4.8,946.1,6.33,3.93,rural,moderate,14.9
16.7,SS,9.58,1216.5,19.49,6.32,rural,moderate,16.8
17.9,SS,5.36,1055.0,15.65,4.76,urban_good_access,moderate,19.9
7.9,SS,3.71,1011.8,20.5,6.71,urban_poor_access,moderate,13.5
7.6,SS,5.08,756.2,12.08,3.2,urban_good_access,poor,16.4
23.7,SS,6.14,911.7,15.02,4.45,urban_good_access,moderate,17.8
37.8,SS,3.32,990.3,13.99,5.34,rural,poor,12.0
21.3,SS,3.81,812.1,12.78,4.31,rural,moderate,17.6
30.8,SS,1.44,1146.4,22.07,5.33,urban_good_access,good,17.6
34.2,SBeta-thal,8.29,900.0,9.95,4.39,urban_good_access,moderate,25.4
14.0,SC,4.42,459.4,6.74,1.56,rural,poor,24.0
34.5,SS,0.79,830.1,12.55,4.05,rural,good,16.2
26.7,SS,5.69,884.7,12.49,2.7,rural,poor,18.8
49.2,SS,5.48,1070.7,19.49,5.98,urban_poor_access,good,17.5
27.4,SS,5.88,845.4,13.43,5.37,rural,good,19.0
8.9,SS,6.46,582.5,8.66,2.12,urban_poor_access,poor,18.5
2.0,SS,22.55,695.5,7.67,4.28,urban_poor_access,moderate,22.8
2.0,SS,5.89,849.4,12.56,3.42,urban_good_access,good,21.1
26.2,SBeta-thal,1.1,891.1,11.75,3.33,urban_poor_access,moderate,22.1
10.6,SC,2.04,622.2,8.34,2.64,urban_poor_access,good,27.1
4.4,SS,12.22,908.6,21.6,5.41,urban_good_access,poor,19.5
16.8,SS,4.17,881.7,10.96,3.7,urban_good_access,poor,19.6
21.7,SS,6.83,717.3,7.99,4.2,urban_good_access,poor,18.4
7.5,SS,3.83,851.1,17.46,4.57,rural,moderate,15.3
15.1,SS,7.9,663.0,11.7,3.76,rural,good,23.2
39.1,SS,3.71,1094.4,19.97,6.12,urban_good_access,good,14.7
15.4,SS,6.84,1075.1,17.32,4.49,urban_poor_access,good,15.8
20.5,SS,11.92,776.0,10.9,3.38,urban_good_access,poor,21.8
22.0,SC,2.29,636.8,11.64,2.77,rural,moderate,25.9
27.0,SS,1.65,904.2,15.38,3.72,urban_good_access,good,17.9
35.9,SC,7.13,587.1,7.96,3.03,urban_poor_access,poor,22.9
30.6,SS,1.35,1140.9,18.9,4.96,rural,good,14.5
15.2,SS,2.59,840.6,8.17,4.26,urban_poor_access,poor,14.8
10.6,SS,2.26,1069.8,13.04,4.54,urban_poor_access,moderate,14.9
25.7,SBeta-thal,5.96,668.9,8.95,4.08,urban_poor_access,poor,18.3
30.0,SS,4.44,772.7,13.86,4.57,rural,good,20.4
6.3,SS,8.03,839.8,12.94,3.85,urban_poor_access,good,22.3
21.0,SS,4.34,883.7,15.94,3.85,rural,moderate,13.8
11.1,SS,2.64,941.3,8.8,4.91,urban_poor_access,moderate,14.6
49.2,SC,10.6,640.8,9.52,2.63,urban_good_access,moderate,30.9
31.0,SC,2.43,879.3,10.37,5.25,urban_poor_access,good,26.4
29.2,SS,12.9,1107.0,11.04,5.45,urban_poor_access,poor,15.2
12.9,SS,5.56,1037.1,11.68,4.23,urban_poor_access,good,17.6
24.3,SS,26.39,1238.2,22.02,6.38,urban_poor_access,moderate,20.5
14.0,SS,10.25,779.1,9.7,4.61,urban_good_access,moderate,18.5
36.4,SS,3.66,1177.7,14.98,5.49,rural,moderate,14.5
24.6,SS,15.2,791.4,12.95,4.07,urban_good_access,good,24.6
20.5,SS,3.37,822.8,13.34,5.36,rural,poor,16.5
16.0,SS,1.12,786.1,9.23,4.18,urban_poor_access,moderate,17.7
33.7,SS,3.33,825.2,13.39,4.6,urban_good_access,good,18.7
24.2,SS,2.58,940.6,15.97,4.89,urban_good_access,moderate,17.1
12.0,SS,4.66,973.7,16.92,5.58,urban_poor_access,good,16.0
15.3,SS,5.58,1005.9,16.62,5.19,urban_poor_access,poor,12.3
16.9,SS,6.62,919.1,16.79,5.36,urban_poor_access,moderate,13.6
2.5,SS,2.07,900.5,11.39,3.51,urban_poor_access,moderate,17.6
23.1,SS,6.66,735.6,9.75,3.0,urban_poor_access,good,22.6
31.5,SC,4.03,904.5,11.06,3.06,rural,poor,22.0
26.4,SC,4.31,565.3,9.25,1.47,urban_good_access,good,31.6
19.2,SS,7.49,611.3,8.12,1.8,urban_poor_access,good,23.9
24.0,SS,7.87,1120.3,18.96,6.45,urban_poor_access,good,17.0
19.8,SS,4.18,837.3,13.41,2.81,urban_poor_access,good,20.1
28.7,SBeta-thal,5.3,528.1,11.84,3.05,rural,good,22.9
13.7,SS,3.54,974.4,19.65,6.22,rural,good,14.3
33.5,SS,4.82,952.2,12.96,4.75,urban_poor_access,good,17.6
30.2,SC,8.08,683.5,6.46,2.77,urban_good_access,good,29.4
37.5,SS,7.42,1005.3,15.39,6.99,rural,good,15.5
32.5,SS,4.87,1069.3,13.85,5.86,urban_good_access,good,19.8
19.8,SS,13.38,1251.3,20.82,6.83,urban_good_access,good,22.0
27.4,SS,5.11,905.2,15.0,4.75,urban_poor_access,good,17.0
33.8,SS,4.44,850.6,15.92,4.31,rural,moderate,15.2
44.2,SS,7.25,867.2,17.07,4.93,urban_good_access,moderate,18.5
10.5,SS,11.67,607.5,8.33,2.85,rural,moderate,18.0
12.5,SS,8.18,679.2,11.14,3.04,urban_good_access,poor,17.0
15.0,SS,2.75,903.4,14.05,4.72,urban_poor_access,poor,13.3
28.5,SBeta-thal,11.12,790.9,13.79,4.74,urban_poor_access,moderate,24.0
17.0,SS,4.32,734.4,6.03,3.43,urban_good_access,moderate,18.9
22.1,SC,1.52,712.4,9.63,3.25,urban_poor_access,good,24.2
36.1,SS,4.12,1055.0,17.26,5.83,urban_good_access,moderate,18.2
19.8,SS,4.36,487.4,10.74,1.77,urban_poor_access,moderate,20.9
11.4,SC,3.78,697.0,7.24,3.44,urban_good_access,good,34.5
31.5,SBeta-thal,2.03,700.1,11.94,2.87,rural,good,20.5
22.1,SS,2.41,918.2,12.63,4.49,urban_good_access,good,19.2
19.8,SS,5.45,737.0,7.59,3.26,urban_poor_access,moderate,18.9
25.9,SS,13.96,1204.0,18.31,5.93,urban_good_access,poor,18.0
35.2,SS,12.66,1104.4,22.42,6.65,rural,good,16.8
32.8,SS,1.49,674.0,11.82,5.0,urban_good_access,good,20.4
7.7,SC,1.33,635.5,10.72,2.55,urban_good_access,good,31.5
16.9,SS,2.63,712.7,12.49,2.81,urban_poor_access,good,19.2
21.9,SBeta-thal,5.02,947.3,13.04,5.12,rural,good,19.4
10.8,SS,2.89,948.0,17.29,4.81,rural,good,15.6
39.4,SS,5.26,863.9,14.29,3.61,urban_good_access,moderate,22.5
8.3,SC,3.39,685.3,11.32,3.05,rural,poor,22.8
8.3,SC,3.51,458.1,8.69,1.8,rural,poor,24.0
22.6,SS,1.2,737.9,10.49,3.69,rural,good,18.4
23.6,SS,4.59,1047.3,16.13,6.22,urban_good_access,moderate,15.1
22.3,SS,1.42,886.8,14.8,5.24,rural,good,15.1
30.5,SS,7.23,878.3,17.43,5.35,urban_good_access,good,23.3
18.8,SS,18.9,869.9,17.72,5.36,rural,poor,18.5
37.7,SS,1.75,1099.5,19.97,5.76,rural,good,13.5
26.2,SS,2.82,689.8,8.59,3.6,urban_poor_access,moderate,16.1
20.6,SS,3.5,1115.8,19.45,6.66,urban_good_access,moderate,17.7
12.5,SS,6.55,1163.8,17.09,5.52,urban_poor_access,moderate,12.0
27.5,SC,7.35,490.5,11.13,3.16,urban_good_access,good,29.4
24.0,SS,2.18,821.6,16.2,3.31,urban_poor_access,good,15.6
14.0,SS,8.32,975.8,14.93,5.07,urban_poor_access,moderate,19.4
13.6,SS,24.6,747.4,13.42,2.99,urban_good_access,poor,23.3
24.7,SS,7.7,884.3,11.38,5.23,urban_poor_access,moderate,18.0
24.3,SS,0.64,1096.7,16.04,5.86,urban_good_access,good,18.2
8.6,SS,16.35,1030.3,16.77,4.83,urban_poor_access,moderate,21.1
19.6,SS,12.69,1027.6,16.99,5.43,rural,moderate,15.6
23.8,SS,7.03,1120.5,16.47,4.98,rural,good,18.7
2.0,SC,4.53,600.8,10.91,2.83,urban_poor_access,poor,26.5
23.1,SS,2.1,833.8,8.52,3.93,urban_good_access,poor,15.2
33.2,SBeta-thal,25.32,975.0,14.47,3.6,rural,poor,21.4
26.3,SC,6.28,624.5,8.06,2.4,urban_poor_access,good,28.6
21.9,SS,3.28,1129.1,14.53,6.27,urban_poor_access,good,15.3
32.4,SS,6.45,657.6,11.02,3.2,rural,good,19.9
17.0,SS,4.63,1152.9,18.8,5.38,urban_poor_access,moderate,14.4
7.5,SS,1.83,1038.3,9.07,3.71,rural,moderate,15.0
45.7,SS,3.63,837.4,12.08,4.18,urban_good_access,poor,17.5
24.8,SS,3.07,839.4,14.29,4.49,urban_poor_access,poor,16.0
8.8,SS,10.71,1157.1,16.9,6.36,rural,good,15.3
11.6,SBeta-thal,9.68,632.3,5.48,2.49,urban_poor_access,moderate,25.9
33.3,SS,7.61,677.5,6.43,2.98,rural,moderate,16.4
21.2,SC,8.04,801.4,11.16,3.21,urban_poor_access,good,28.3
23.0,SC,2.75,612.6,12.03,3.02,rural,moderate,24.3
24.1,SS,3.68,724.1,11.35,4.75,urban_poor_access,moderate,16.5
32.3,SC,9.17,458.9,6.24,1.22,urban_poor_access,poor,29.3
19.9,SC,5.94,760.4,12.05,3.89,rural,moderate,28.8
13.3,SS,8.11,801.9,11.96,3.45,rural,good,18.3
24.6,SS,2.38,701.5,11.22,4.87,urban_good_access,poor,15.2
32.6,SBeta-thal,6.51,514.6,6.5,1.45,urban_good_access,poor,25.2
14.9,SC,3.47,587.3,7.46,2.2,urban_poor_access,moderate,24.4
15.8,SS,13.3,655.8,9.53,3.21,urban_poor_access,good,22.7
48.2,SS,3.44,1063.4,16.66,5.9,urban_good_access,good,18.4
32.2,SS,4.41,970.6,13.85,5.42,rural,moderate,12.7
8.9,SS,11.81,1177.5,21.52,5.22,rural,good,16.2
26.7,SS,4.03,910.4,12.44,3.27,rural,moderate,13.6
24.3,SS,4.1,649.8,9.55,4.19,rural,moderate,16.7
26.0,SS,16.54,976.2,13.69,4.46,urban_good_access,good,24.0
25.4,SS,4.16,991.2,13.98,4.44,rural,good,18.5
21.8,SS,8.15,740.8,13.05,3.34,urban_good_access,good,20.4
10.6,SS,8.3,1063.1,15.65,4.65,urban_good_access,good,21.7
25.1,SC,5.56,724.8,9.59,3.65,urban_good_access,moderate,29.6
22.3,SS,10.06,836.5,10.73,3.83,urban_good_access,moderate,23.2
9.1,SC,4.96,690.8,4.82,1.42,urban_good_access,good,31.7
19.5,SS,13.53,777.5,15.23,2.63,rural,good,23.0
20.0,SS,17.66,888.1,10.33,4.61,urban_poor_access,moderate,23.6
36.3,SS,3.22,1257.6,12.61,4.94,urban_good_access,good,17.3
3.0,SS,9.67,705.0,9.04,3.74,rural,poor,16.6
14.0,SS,4.91,495.8,9.0,2.87,urban_poor_access,moderate,20.5
23.2,SS,3.99,1019.9,17.56,5.63,rural,moderate,18.5
26.1,SS,6.35,832.6,16.48,4.97,urban_good_access,good,21.7
31.0,SS,3.58,1033.2,10.14,4.18,urban_good_access,moderate,15.4
16.7,SS,4.56,1014.0,18.4,6.27,urban_good_access,poor,16.2
23.1,SS,6.9,1144.4,15.96,5.43,urban_good_access,moderate,17.8
9.4,SBeta-thal,5.04,630.0,10.09,1.66,urban_good_access,moderate,25.7
25.4,SS,12.72,1136.0,17.91,6.47,urban_good_access,good,23.7
7.7,SS,4.96,897.9,12.92,3.93,rural,moderate,14.8
7.0,SS,4.21,1251.4,20.33,5.59,urban_good_access,moderate,13.1
16.5,SS,3.83,853.4,10.7,3.5,urban_good_access,moderate,22.3
15.2,SS,10.47,936.7,13.68,3.18,urban_poor_access,good,21.0
12.0,SS,4.72,1023.7,13.64,6.5,urban_poor_access,good,20.0
18.8,SC,4.37,533.9,8.9,2.67,urban_good_access,poor,26.0
22.0,SC,5.62,431.6,6.64,1.66,urban_good_access,moderate,31.9
2.0,SS,2.41,904.1,15.55,4.26,urban_good_access,poor,13.5
29.9,SS,6.17,1197.4,17.83,6.49,urban_poor_access,moderate,14.8
19.3,SS,4.81,1092.6,17.09,5.33,urban_good_access,poor,12.2
14.4,SBeta-thal,4.46,769.4,8.5,3.07,rural,moderate,20.5
17.3,SBeta-thal,8.8,835.0,7.56,4.32,urban_good_access,poor,25.6
18.8,SC,6.96,660.5,9.32,2.61,urban_poor_access,poor,25.5
8.6,SC,5.21,750.8,5.57,3.36,rural,good,28.0
10.6,SS,7.26,1095.9,16.09,6.74,rural,good,17.3
43.3,SS,5.15,998.3,14.8,5.54,urban_poor_access,moderate,17.4
27.1,SS,5.77,1003.8,15.64,4.83,urban_good_access,moderate,16.6
18.7,SS,5.23,802.9,11.5,3.79,urban_good_access,moderate,21.8
20.7,SC,3.77,915.1,16.14,4.27,rural,good,24.7
11.8,SS,1.99,1041.2,17.08,6.38,urban_good_access,moderate,14.8
28.4,SS,1.77,1017.6,15.43,4.41,urban_poor_access,good,17.1
23.0,SBeta-thal,3.11,738.5,15.98,3.44,urban_good_access,moderate,24.6
25.8,SS,4.25,954.6,12.74,6.28,urban_good_access,moderate,19.3
32.6,SS,4.12,897.4,11.29,3.48,urban_poor_access,good,17.8
2.0,SC,4.22,814.6,11.96,4.84,urban_poor_access,moderate,25.2
23.4,SS,3.91,862.0,9.89,3.91,urban_good_access,moderate,22.9
14.4,SS,4.81,901.1,15.88,4.0,rural,poor,12.0
39.1,SBeta-thal,3.08,735.3,10.0,2.5,urban_poor_access,good,25.5
35.2,SS,12.52,1076.7,14.37,5.83,urban_poor_access,poor,15.5
14.8,SS,9.4,749.9,7.11,3.32,rural,moderate,17.1
15.6,SS,1.26,980.4,14.19,3.51,urban_good_access,moderate,17.7
39.1,SBeta-thal,2.8,832.1,16.73,5.29,urban_good_access,good,24.0
4.3,SS,3.76,557.7,8.44,2.75,urban_poor_access,moderate,18.8
7.1,SS,2.01,904.4,18.76,5.52,rural,moderate,12.6
19.5,SS,7.42,871.6,16.07,5.31,urban_poor_access,moderate,18.0
13.7,SC,5.02,551.7,9.13,3.41,urban_poor_access,poor,23.3
29.4,SBeta-thal,9.13,831.2,12.84,4.97,rural,moderate,19.6
30.7,SC,1.99,619.4,8.08,1.48,rural,moderate,24.4
2.0,SS,16.08,1094.7,16.71,6.4,rural,good,21.5
7.1,SS,5.29,1135.7,17.22,5.67,rural,moderate,12.0
8.1,SC,7.28,826.5,14.25,3.73,urban_poor_access,poor,22.8
38.5,SC,5.01,499.9,7.6,3.78,rural,good,27.0
23.8,SBeta-thal,4.37,745.0,12.28,3.21,urban_good_access,good,26.4
45.5,SS,7.39,659.4,9.4,2.9,rural,poor,17.4
13.7,SS,3.47,669.5,8.41,3.86,urban_poor_access,moderate,18.9
30.7,SC,4.62,765.1,12.53,4.07,urban_good_access,moderate,26.6
28.7,SS,9.53,1014.9,17.02,5.23,rural,moderate,12.7
24.1,SS,5.94,970.8,15.25,5.02,urban_poor_access,poor,16.2
21.7,SS,5.93,1164.9,18.21,5.22,rural,good,16.1
22.8,SS,2.76,982.6,14.61,5.06,urban_poor_access,good,14.0
39.1,SC,1.44,778.6,8.59,2.21,rural,moderate,23.8
14.5,SC,6.52,802.8,12.18,2.77,rural,moderate,25.6
2.0,SS,1.65,942.4,15.6,4.66,urban_good_access,moderate,16.5
16.5,SS,3.33,771.5,8.43,4.1,rural,good,18.6
18.2,SS,7.46,943.1,14.88,5.57,urban_good_access,poor,17.0
15.9,SC,5.58,568.8,6.06,2.43,rural,good,30.3
15.6,SBeta-thal,4.45,820.7,17.61,5.33,urban_poor_access,good,19.5
6.9,SS,6.86,1145.2,12.18,5.18,urban_good_access,moderate,17.1
18.8,SC,5.6,743.7,3.66,2.53,rural,moderate,27.2
2.0,SC,7.39,469.8,9.42,2.38,urban_poor_access,moderate,28.8
19.3,SS,4.21,791.8,14.71,3.58,urban_good_access,poor,15.9
18.5,SS,6.16,985.4,13.82,4.56,rural,poor,12.3
10.5,SS,2.59,742.4,12.05,3.11,urban_good_access,good,23.4
8.4,SS,11.57,907.6,13.45,5.65,rural,moderate,20.1
15.5,SS,3.56,569.7,7.9,3.39,urban_good_access,moderate,17.9
31.4,SS,3.17,688.4,8.64,2.14,urban_poor_access,moderate,18.8
23.2,SS,10.12,848.0,13.38,3.63,urban_good_access,poor,20.6
26.2,SC,11.91,430.5,4.46,1.65,urban_good_access,good,31.3
7.2,SC,3.55,748.1,8.65,1.83,rural,poor,23.9
37.6,SS,5.43,1049.9,14.88,5.01,rural,moderate,14.6
20.6,SS,2.65,814.1,13.2,3.44,urban_good_access,moderate,19.1
29.3,SBeta-thal,6.26,405.4,3.52,0.73,rural,moderate,24.3
19.2,SS,3.19,719.6,10.63,3.82,rural,moderate,15.5
26.6,SS,3.04,1122.0,13.29,3.68,rural,moderate,14.9
17.5,SC,1.69,563.8,6.93,2.91,urban_poor_access,moderate,27.1
12.9,SC,16.81,509.2,8.83,3.19,urban_good_access,poor,32.2
28.3,SS,6.86,1101.2,14.61,4.16,urban_poor_access,poor,13.2
26.4,SC,5.44,646.0,10.48,3.25,urban_good_access,poor,27.8
12.3,SC,0.72,852.3,13.9,4.47,rural,moderate,20.8
41.5,SS,4.17,723.6,12.29,3.65,urban_good_access,poor,17.6
14.1,SBeta-thal,5.74,828.7,8.31,2.8,rural,good,24.0
20.3,SS,5.81,831.4,10.03,4.0,rural,poor,18.9
33.3,SC,5.14,641.4,11.45,3.63,urban_good_access,moderate,30.1
22.7,SS,1.4,709.7,11.08,3.34,urban_poor_access,moderate,15.5
8.6,SS,9.05,764.8,10.81,4.47,urban_poor_access,moderate,19.3
23.5,SC,5.3,649.5,10.48,2.49,rural,poor,25.7
26.7,SS,4.39,984.3,13.33,4.55,urban_poor_access,good,21.5
28.3,SS,7.34,1130.6,17.86,6.16,urban_poor_access,moderate,13.8
11.8,SS,5.16,1075.5,16.17,6.55,urban_good_access,moderate,17.6
20.8,SS,3.76,1008.3,14.49,4.61,rural,poor,12.1
31.6,SC,6.29,702.8,14.09,3.71,rural,moderate,23.9
38.1,SC,8.03,481.9,6.19,2.09,urban_good_access,good,33.9
36.4,SS,11.42,910.2,14.88,5.29,rural,moderate,17.2
6.2,SS,1.5,789.1,10.94,5.0,rural,moderate,16.1
21.8,SS,1.65,695.9,5.64,3.33,rural,good,20.8
4.3,SC,5.18,755.2,10.37,3.4,rural,good,26.3
10.6,SBeta-thal,2.34,589.1,5.61,1.61,urban_poor_access,good,24.0
44.4,SS,7.41,803.0,11.2,4.58,urban_good_access,good,19.6
25.5,SC,4.32,794.6,10.91,3.29,urban_poor_access,moderate,23.1
22.6,SS,14.3,675.2,9.23,3.4,urban_good_access,good,26.2
15.1,SC,2.4,711.7,10.39,3.09,rural,poor,21.1
25.9,SC,3.62,623.2,9.21,3.49,rural,good,27.7
34.2,SS,1.64,1030.7,19.55,5.58,urban_poor_access,good,17.1
31.4,SS,10.19,1046.8,12.13,3.03,urban_poor_access,good,22.9
30.0,SS,5.54,793.2,13.98,5.42,urban_poor_access,poor,13.9
18.5,SS,2.54,1070.5,17.29,4.58,urban_poor_access,good,19.2
27.4,SS,3.07,1015.8,16.21,5.55,urban_good_access,moderate,15.2
2.0,SS,4.48,936.2,14.64,3.26,urban_poor_access,moderate,16.4
17.9,SS,7.76,1013.0,15.01,5.83,urban_good_access,good,22.6
3.0,SS,1.97,894.7,15.71,4.76,urban_good_access,poor,12.9
30.2,SC,3.34,633.3,9.65,2.54,urban_poor_access,good,29.3
28.8,SS,5.49,1156.6,18.55,5.56,urban_poor_access,good,15.3
19.2,SS,2.25,937.8,12.35,4.52,rural,moderate,17.5
23.6,SBeta-thal,18.73,732.9,10.25,2.05,urban_poor_access,moderate,25.1
13.7,SS,3.34,638.6,8.68,2.03,rural,poor,14.7
15.3,SS,5.65,1042.4,17.18,6.42,urban_good_access,good,18.8
18.7,SC,3.82,607.8,6.87,2.12,urban_poor_access,good,27.8
26.4,SS,4.92,954.4,13.46,4.01,urban_good_access,good,20.3
20.3,SS,6.81,1114.0,18.27,5.63,urban_good_access,moderate,19.8
10.9,SS,7.99,739.5,10.46,3.95,urban_poor_access,moderate,20.3
16.2,SBeta-thal,2.05,708.3,8.0,3.69,urban_poor_access,good,22.3
5.9,SS,17.21,1009.5,19.18,5.25,urban_poor_access,moderate,19.1
11.0,SS,9.28,716.4,13.89,3.52,urban_good_access,moderate,19.3
35.5,SS,8.06,718.5,15.37,1.37,rural,moderate,16.2
10.8,SS,1.11,1213.9,15.93,4.44,urban_good_access,poor,15.1
34.4,SC,23.79,491.1,6.55,1.77,urban_poor_access,good,32.6
13.2,SS,3.5,688.1,10.66,2.45,urban_good_access,poor,18.3
20.2,SC,2.46,635.3,8.77,1.81,urban_poor_access,moderate,27.6
20.6,SS,11.52,863.3,9.47,4.42,rural,poor,16.2
25.0,SS,7.66,867.1,18.33,5.42,urban_good_access,poor,17.2
12.1,SS,5.33,1246.1,16.29,6.1,rural,moderate,13.7
36.0,SS,1.46,903.5,13.58,4.97,urban_poor_access,moderate,16.2
17.1,SS,2.2,804.0,10.84,3.91,urban_poor_access,moderate,17.3
32.6,SS,8.03,918.6,15.43,4.3,urban_good_access,moderate,17.5
11.3,SS,7.12,973.5,15.4,5.81,urban_good_access,good,18.3
44.8,SS,2.72,667.4,13.31,4.55,urban_good_access,good,21.0
25.0,SS,11.21,1174.6,19.94,6.0,urban_good_access,good,20.6
25.9,SS,3.48,1121.8,18.54,7.15,urban_poor_access,good,16.4
2.5,SS,7.96,752.8,11.79,4.47,urban_good_access,good,20.0
16.3,SS,4.29,768.9,10.65,3.26,rural,poor,17.0
8.9,SS,3.53,1034.0,11.87,4.98,rural,good,16.9
17.9,SS,25.8,1102.4,17.87,5.62,urban_good_access,moderate,24.8
14.6,SS,6.73,1175.9,19.18,6.61,urban_good_access,moderate,16.9
17.7,SS,5.63,849.4,12.05,4.35,urban_poor_access,good,19.6
27.5,SS,2.29,702.1,8.69,3.98,urban_poor_access,good,23.1
21.9,SS,8.42,941.6,11.66,4.0,urban_good_access,good,22.8
27.2,SS,6.18,1098.3,17.12,5.36,urban_good_access,good,19.0
27.3,SS,3.82,493.5,11.15,3.62,rural,good,20.0
28.7,SS,10.56,759.4,12.25,4.0,urban_good_access,poor,17.9
14.8,SS,1.05,762.3,12.24,3.96,rural,good,16.2
33.9,SC,15.47,614.4,9.67,2.22,urban_poor_access,good,32.0
34.4,SC,1.82,328.1,5.85,1.77,urban_good_access,poor,29.5
27.2,SS,10.25,1144.5,16.83,4.32,rural,poor,12.7
2.0,SS,3.46,912.1,8.97,3.92,urban_poor_access,good,21.1
30.9,SS,22.78,881.0,14.78,4.62,urban_poor_access,good,27.0
16.9,SC,10.88,829.6,10.61,2.84,rural,moderate,24.7
27.2,SS,6.43,694.0,12.36,2.72,urban_poor_access,good,16.2
13.3,SS,5.32,1119.4,15.65,5.96,rural,poor,12.0
30.2,SS,3.42,1074.8,22.92,5.12,rural,good,16.3
22.5,SS,6.82,969.2,13.86,5.16,rural,good,21.1
6.5,SS,2.82,928.2,16.25,5.93,urban_good_access,poor,13.6
18.5,SC,10.59,725.4,13.23,3.49,urban_good_access,poor,29.8
31.5,SS,6.62,1242.3,18.8,5.71,rural,good,16.0
38.3,SBeta-thal,7.15,766.3,8.61,3.27,urban_good_access,poor,23.5
2.0,SC,2.76,775.4,7.94,2.56,urban_good_access,poor,27.9
33.7,SS,2.19,1019.0,15.79,5.92,urban_good_access,moderate,20.4
19.8,SS,5.72,991.5,16.75,5.38,urban_good_access,good,16.5
18.0,SC,7.02,668.2,8.09,2.29,urban_poor_access,good,27.6
8.6,SS,6.61,846.6,12.85,3.9,urban_good_access,poor,19.1
28.3,SS,6.29,1094.9,16.21,5.92,urban_poor_access,moderate,14.8
27.7,SS,7.27,686.8,10.52,3.18,rural,poor,18.9
20.0,SS,7.73,1115.3,13.68,5.35,urban_good_access,moderate,17.4
19.0,SS,2.25,930.4,16.49,3.68,urban_poor_access,good,16.5
29.5,SC,3.54,763.5,10.57,4.42,urban_poor_access,good,27.9
13.3,SS,2.97,865.5,14.35,4.23,rural,poor,12.0
35.1,SBeta-thal,3.36,593.9,8.8,2.47,rural,moderate,21.5
7.7,SS,2.65,710.0,13.07,3.29,urban_poor_access,good,17.8
20.2,SC,3.09,585.8,10.3,2.44,urban_poor_access,moderate,29.0
9.2,SS,7.16,1172.5,17.49,5.34,urban_good_access,good,15.3
43.1,SS,6.61,948.7,13.43,4.77,urban_poor_access,poor,13.6
52.4,SS,3.04,596.6,9.54,2.9,rural,moderate,17.6
22.3,SS,8.82,1006.9,13.94,3.92,urban_poor_access,poor,17.3
19.9,SS,11.41,1286.4,18.08,6.28,urban_poor_access,good,16.2
19.9,SS,7.9,911.9,16.08,5.15,rural,good,14.9
24.7,SC,4.41,420.0,6.82,0.92,urban_good_access,moderate,30.2
15.7,SS,6.2,1152.8,16.87,6.24,rural,moderate,15.8
2.0,SS,5.52,1146.5,16.1,6.0,rural,poor,14.9
8.8,SC,11.2,948.2,21.1,4.34,rural,moderate,22.6
3.9,SS,7.55,830.5,13.38,4.24,urban_poor_access,good,19.9
23.5,SS,3.54,830.6,9.8,4.59,rural,moderate,18.7
29.8,SC,3.99,735.7,14.39,3.19,urban_good_access,good,28.9
23.3,SBeta-thal,4.98,1079.9,16.14,5.85,urban_poor_access,moderate,21.2
26.7,SS,11.9,960.7,12.28,3.46,rural,moderate,17.7
19.3,SC,3.47,867.7,14.29,4.01,rural,moderate,26.2
13.0,SS,6.88,753.4,14.84,2.13,rural,moderate,18.0
30.0,SS,3.35,1001.4,17.18,5.8,urban_poor_access,good,18.1
28.9,SS,2.7,642.8,9.45,4.02,urban_good_access,moderate,22.2
36.4,SS,5.54,925.3,14.46,4.33,rural,poor,14.1
14.3,SS,3.17,1112.3,15.95,5.23,rural,poor,12.0
19.9,SC,4.57,597.5,9.6,3.2,rural,moderate,29.5
19.9,SC,7.77,679.6,9.17,2.48,rural,moderate,26.9
2.0,SS,4.15,998.0,16.19,4.35,rural,good,15.7
13.6,SS,5.32,1008.4,17.55,7.16,rural,good,18.2
13.0,SS,3.58,1061.7,12.76,5.37,rural,good,20.7
4.2,SBeta-thal,4.03,880.9,12.9,4.66,urban_good_access,moderate,25.6
30.0,SS,15.4,1110.2,19.55,5.81,rural,moderate,16.8
10.3,SS,6.25,1005.8,14.73,5.05,rural,good,16.0
14.8,SC,1.93,615.8,11.66,2.89,rural,poor,20.0
17.8,SS,5.31,785.6,11.84,3.54,rural,good,18.4
4.5,SC,9.3,653.3,4.57,0.36,urban_poor_access,good,31.2
9.7,SBeta-thal,11.58,614.7,10.09,4.31,urban_poor_access,moderate,26.0
42.8,SBeta-thal,23.75,731.7,8.64,4.36,urban_good_access,moderate,32.4
17.3,SS,1.43,620.8,11.07,3.06,rural,moderate,17.8
37.7,SC,8.31,785.5,5.73,3.31,rural,good,27.1
21.0,SS,14.23,893.9,15.01,4.49,urban_poor_access,poor,19.6
28.3,SS,3.79,821.6,11.68,2.55,rural,good,19.9
42.7,SC,2.95,646.5,6.83,4.12,urban_good_access,good,35.0
24.5,SC,3.77,729.7,14.51,4.19,urban_poor_access,moderate,25.3
41.3,SS,11.43,995.1,19.26,8.05,rural,good,19.8
5.0,SS,13.6,808.2,12.58,3.99,rural,poor,14.7
53.4,SS,1.74,1008.2,13.09,5.66,rural,good,18.2
33.0,SS,5.6,878.1,17.56,4.84,rural,poor,12.8
18.4,SC,22.21,794.1,9.2,3.09,urban_poor_access,good,33.2
5.9,SS,4.42,776.0,11.19,2.77,rural,poor,12.0
9.3,SS,3.71,1041.9,13.97,4.65,rural,moderate,12.6
13.5,SS,3.86,1101.7,15.14,5.63,rural,good,15.8
26.0,SS,6.32,742.6,12.21,3.67,urban_poor_access,good,21.7
8.8,SS,2.39,763.3,13.58,2.77,rural,moderate,12.1
30.8,SS,4.08,1193.1,19.57,7.65,urban_good_access,poor,13.6
5.9,SS,7.07,698.0,13.54,4.4,urban_poor_access,moderate,16.7
22.6,SC,2.46,652.9,9.11,2.35,urban_poor_access,moderate,29.5
9.6,SS,2.44,744.8,11.7,3.04,urban_poor_access,moderate,19.1
26.6,SS,3.58,735.7,13.02,4.18,urban_poor_access,poor,18.2
46.6,SS,6.19,827.2,11.11,5.71,rural,moderate,17.5
25.0,SC,2.92,687.5,11.01,3.25,urban_good_access,moderate,24.4
25.0,SS,11.06,1083.8,15.63,4.94,urban_poor_access,moderate,22.3
16.4,SS,8.43,819.4,9.04,3.36,rural,good,21.1
32.2,SS,6.93,758.6,11.42,3.86,urban_poor_access,poor,18.5
38.3,SS,1.19,854.4,8.61,2.94,urban_poor_access,moderate,16.6
25.5,SBeta-thal,16.2,394.0,4.4,1.44,urban_good_access,poor,28.4
26.6,SS,3.52,780.0,10.68,2.42,urban_good_access,moderate,22.4
38.2,SS,2.83,864.9,12.24,4.71,urban_good_access,poor,16.8
27.3,SS,1.6,713.8,14.31,3.5,urban_poor_access,moderate,18.0
17.9,SS,1.66,1141.3,14.53,5.31,urban_good_access,moderate,19.9
30.1,SC,15.32,805.7,12.56,3.98,urban_good_access,moderate,32.6
12.7,SS,3.53,805.8,8.04,3.4,urban_good_access,moderate,19.8
24.3,SS,4.2,659.4,9.61,2.28,urban_poor_access,good,18.5
21.3,SS,21.59,1232.6,17.97,5.92,urban_poor_access,good,23.0
25.2,SS,2.97,1251.6,21.25,7.61,rural,good,12.1
30.3,SBeta-thal,5.2,651.8,11.46,4.46,rural,good,23.8
26.6,SC,18.55,755.4,4.79,2.7,urban_poor_access,poor,27.6
28.7,SBeta-thal,10.96,679.9,9.51,3.7,urban_poor_access,moderate,22.1
2.0,SS,1.91,1033.9,12.98,5.57,urban_poor_access,moderate,13.7
17.2,SBeta-thal,7.59,793.2,9.67,3.59,urban_good_access,moderate,27.0
33.1,SBeta-thal,16.28,747.7,7.93,4.13,rural,good,26.5
9.7,SS,4.04,953.5,12.33,5.07,rural,moderate,18.2
21.3,SC,2.81,563.6,8.57,2.34,urban_good_access,moderate,31.2
17.3,SS,13.75,914.9,17.39,3.25,urban_good_access,moderate,23.1
19.3,SS,9.27,1099.2,17.09,6.44,urban_poor_access,good,17.8
26.1,SBeta-thal,8.35,579.9,12.23,2.41,rural,moderate,23.9
21.3,SS,3.61,1095.0,16.08,6.03,urban_poor_access,good,14.0
28.1,SS,3.62,1055.8,19.42,6.12,urban_poor_access,good,13.8
36.6,SS,5.07,767.7,9.37,2.24,urban_poor_access,poor,12.3
23.2,SS,2.58,929.4,12.77,4.12,rural,good,15.6
16.2,SS,12.93,1120.5,15.53,7.42,rural,good,18.1
10.3,SS,13.4,747.8,5.68,3.16,rural,moderate,20.5
20.1,SBeta-thal,13.77,880.8,9.38,5.31,rural,poor,19.3
37.5,SS,13.27,784.6,11.3,3.94,urban_poor_access,poor,18.5
18.0,SS,3.61,663.5,9.89,2.64,urban_good_access,poor,17.1
9.4,SC,7.58,801.2,11.9,3.92,urban_poor_access,poor,25.4
35.7,SC,4.2,372.1,5.68,1.38,urban_poor_access,poor,28.5
17.2,SC,2.67,826.4,11.4,3.94,rural,moderate,24.8
2.0,SC,5.44,536.7,10.36,1.9,urban_poor_access,moderate,26.6
31.0,SS,3.93,1173.3,18.92,5.53,urban_good_access,good,17.1
11.2,SS,3.33,1210.7,16.73,5.0,rural,moderate,16.4
12.3,SC,11.12,784.8,14.21,2.93,rural,moderate,30.0
24.5,SC,3.49,907.7,14.76,4.58,rural,poor,17.8
18.8,SS,3.31,864.3,13.09,3.97,urban_good_access,moderate,18.4
19.4,SS,13.19,1055.9,17.78,5.87,urban_good_access,moderate,21.4
41.2,SS,2.17,1006.4,14.07,5.77,urban_good_access,moderate,18.7
14.1,SS,12.78,851.3,13.8,2.67,rural,good,21.6
16.5,SC,8.52,376.6,6.37,2.72,urban_good_access,poor,26.8
17.6,SC,2.77,739.6,7.13,3.08,urban_poor_access,moderate,23.5
26.0,SC,6.48,699.1,7.91,3.26,urban_poor_access,moderate,27.9
2.0,SS,3.83,848.6,17.5,3.29,urban_good_access,good,19.4
21.0,SC,5.03,533.0,5.24,2.42,urban_good_access,good,34.4
19.9,SBeta-thal,6.46,879.2,13.58,3.84,urban_good_access,good,26.7
22.0,SS,4.27,761.9,10.39,3.83,urban_good_access,moderate,16.9
22.2,SS,14.67,1108.2,18.94,5.72,rural,poor,12.0
10.6,SS,3.87,978.1,12.71,5.52,rural,poor,12.0
34.1,SS,4.54,760.0,9.09,4.03,rural,good,18.1
25.6,SBeta-thal,10.17,707.2,12.26,3.93,urban_good_access,good,23.8
25.2,SBeta-thal,6.44,819.1,14.7,4.11,urban_poor_access,good,20.9
20.3,SS,11.12,1207.1,18.78,6.23,urban_poor_access,moderate,16.7
29.7,SS,4.05,870.2,15.11,4.12,rural,moderate,16.6
9.3,SS,2.97,1073.0,20.9,5.07,rural,good,16.1
14.7,SBeta-thal,8.68,813.8,11.17,4.02,urban_poor_access,good,20.9
16.9,SS,3.07,989.8,15.09,5.7,rural,moderate,13.6
13.4,SC,10.15,829.7,4.63,3.03,rural,poor,24.1
3.8,SS,2.69,623.5,11.85,3.22,rural,good,15.8
11.7,SC,4.44,639.2,8.71,0.85,urban_good_access,moderate,30.5
22.2,SS,6.32,917.0,16.65,4.2,rural,good,13.8
22.1,SS,8.29,1064.3,16.43,5.23,urban_poor_access,good,18.4
29.7,SS,6.15,1000.6,16.08,5.71,urban_poor_access,good,17.0
46.4,SS,4.29,910.7,14.25,4.25,urban_good_access,good,21.8
23.9,SS,8.49,893.9,12.35,2.94,urban_good_access,good,24.6
38.8,SS,8.27,913.1,12.07,3.85,urban_poor_access,good,20.7
22.9,SS,1.06,674.1,3.83,1.41,urban_poor_access,good,21.4
21.1,SS,10.1,1261.0,17.6,6.25,rural,good,16.3
5.8,SS,7.17,1106.8,20.85,7.11,urban_poor_access,good,18.5
15.7,SS,6.23,930.8,13.44,5.36,urban_poor_access,good,16.0
29.7,SS,2.66,1111.4,18.26,4.99,urban_good_access,moderate,15.1
23.0,SS,17.44,1072.0,21.34,6.76,urban_poor_access,poor,19.8
21.8,SS,19.11,977.4,13.18,4.73,urban_good_access,good,26.1
10.6,SS,4.05,506.7,3.38,1.91,rural,moderate,18.7
18.7,SS,9.7,901.8,13.02,4.28,urban_poor_access,good,16.7
15.7,SS,0.95,917.9,13.93,4.73,urban_poor_access,moderate,18.5
26.4,SS,3.09,1117.3,16.8,5.95,urban_good_access,moderate,13.1
25.6,SS,4.07,862.1,16.31,5.79,rural,good,18.9
40.1,SBeta-thal,10.94,857.1,12.48,4.73,rural,poor,19.6
14.8,SS,7.27,1230.5,17.56,7.2,urban_good_access,poor,13.5
12.0,SS,2.55,927.7,11.24,4.17,rural,poor,12.1
26.3,SS,4.82,1231.9,16.65,6.19,rural,moderate,12.0
31.9,SS,1.75,973.5,14.2,4.15,urban_poor_access,moderate,17.6
30.2,SS,5.41,923.0,13.72,4.04,urban_poor_access,moderate,16.9
25.2,SS,8.27,889.5,18.36,5.18,urban_poor_access,moderate,14.2
8.5,SC,1.91,700.6,10.39,3.7,rural,poor,20.5
35.8,SS,5.37,828.6,14.42,4.36,rural,poor,15.4
26.8,SBeta-thal,11.77,806.9,9.76,3.96,urban_good_access,good,27.2
15.0,SC,8.77,765.0,13.19,4.26,urban_poor_access,good,28.1
30.5,SS,8.05,1148.5,17.15,5.46,urban_good_access,good,23.8
37.9,SC,11.26,613.9,7.27,1.57,urban_good_access,moderate,31.6
11.0,SS,2.5,1068.6,14.62,4.96,rural,good,17.3
6.7,SBeta-thal,29.69,461.8,1.48,1.11,urban_poor_access,moderate,32.8
14.0,SBeta-thal,2.25,696.7,8.73,2.8,rural,poor,20.6
3.8,SS,4.47,780.5,13.53,4.5,urban_good_access,good,19.3
2.0,SS,7.46,1117.6,19.2,5.93,urban_poor_access,good,16.5
21.5,SS,1.95,1219.2,18.29,7.02,urban_poor_access,good,12.7
36.3,SS,2.03,936.8,13.89,4.99,urban_good_access,good,19.6
20.0,SC,9.81,705.9,7.4,2.65,urban_good_access,good,32.9
35.9,SS,11.9,996.0,13.42,4.92,rural,moderate,19.6
39.0,SBeta-thal,6.86,1180.0,19.07,6.92,urban_poor_access,moderate,20.1
2.0,SS,5.73,980.9,14.58,4.58,urban_good_access,good,20.2
17.3,SS,6.35,984.5,13.09,5.14,rural,moderate,16.5
19.4,SBeta-thal,7.94,832.1,12.34,4.71,rural,moderate,22.9
27.6,SS,9.25,671.3,11.05,2.99,urban_good_access,good,22.7
25.9,SS,9.79,1069.1,17.72,5.61,rural,good,16.4
33.4,SS,3.66,1096.5,13.89,5.77,urban_good_access,poor,15.5
20.9,SBeta-thal,8.12,680.4,11.28,4.09,urban_poor_access,moderate,23.7
18.0,SBeta-thal,10.42,706.8,13.1,3.6,urban_poor_access,moderate,23.6
20.2,SS,7.59,683.4,10.06,2.75,rural,moderate,18.6
22.9,SC,6.01,523.6,7.92,3.22,urban_poor_access,moderate,29.9
16.4,SS,6.83,910.6,13.63,2.92,rural,poor,14.4
31.2,SS,6.48,886.0,17.8,3.86,urban_poor_access,poor,12.7
40.4,SS,3.69,819.3,14.49,4.6,urban_good_access,moderate,20.7
17.0,SC,4.58,751.9,7.31,4.21,urban_poor_access,moderate,23.8
42.7,SS,1.95,1121.4,14.83,5.98,rural,poor,12.0
19.3,SS,2.77,888.3,13.53,3.11,urban_good_access,poor,15.4
9.0,SC,2.46,777.0,12.9,3.98,rural,poor,21.9
12.2,SS,7.11,923.8,11.15,4.46,rural,poor,13.6
2.0,SS,1.58,845.9,14.03,3.62,urban_good_access,moderate,17.8
19.3,SS,6.78,1157.1,21.3,6.02,rural,moderate,14.9
35.8,SS,6.11,760.0,12.71,5.69,urban_good_access,poor,15.1
18.3,SS,5.06,967.9,13.47,5.36,rural,good,15.3
20.7,SS,2.72,1228.6,20.93,6.07,rural,moderate,12.8
6.7,SS,2.35,812.4,14.84,4.91,urban_good_access,moderate,16.6
34.2,SS,4.07,1199.1,13.45,5.05,urban_good_access,moderate,19.2
21.0,SBeta-thal,10.58,728.6,13.18,4.29,urban_good_access,moderate,26.3
13.7,SC,15.18,807.3,12.17,4.17,urban_good_access,moderate,32.3
7.8,SS,2.77,1151.7,18.59,6.99,urban_poor_access,moderate,15.0
26.1,SS,4.15,933.5,12.11,3.77,urban_good_access,good,21.5
11.9,SS,11.88,1015.0,15.11,5.94,urban_poor_access,moderate,20.4
36.2,SS,8.97,1002.3,9.94,4.11,rural,moderate,20.1
12.1,SS,0.85,808.7,15.17,3.94,urban_poor_access,moderate,14.3
17.8,SS,3.28,1138.7,20.06,7.02,urban_good_access,moderate,15.6
21.9,SS,5.74,1026.0,15.51,6.63,urban_poor_access,moderate,14.2
37.1,SS,7.72,784.9,13.76,4.51,rural,moderate,15.6
12.5,SS,11.66,985.7,14.89,4.69,rural,moderate,16.9
42.5,SBeta-thal,6.73,1182.9,17.4,6.76,urban_poor_access,poor,14.9
8.9,SS,4.63,1302.0,18.83,7.2,urban_good_access,poor,12.0
40.1,SS,3.42,905.4,13.67,4.32,urban_poor_access,moderate,18.2
12.1,SS,10.55,851.6,17.02,3.76,urban_good_access,moderate,19.4
14.6,SBeta-thal,11.74,857.2,7.73,3.17,urban_good_access,good,31.8
28.9,SS,12.97,1182.8,18.26,5.31,urban_poor_access,poor,12.2
14.9,SS,4.46,1035.9,14.48,5.37,urban_good_access,good,19.0
27.8,SS,9.12,610.2,12.85,3.18,urban_good_access,moderate,24.0
25.2,SBeta-thal,22.79,685.0,10.2,3.1,urban_poor_access,moderate,30.3
27.5,SS,9.22,647.4,10.97,2.32,rural,moderate,19.8
19.1,SC,7.45,393.4,4.0,1.45,rural,moderate,33.4
25.7,SS,24.81,1269.0,20.39,6.15,urban_good_access,moderate,23.1
15.2,SS,7.51,1143.3,20.24,6.14,urban_good_access,moderate,19.0
16.5,SS,1.11,1045.3,18.43,6.85,rural,poor,15.0
41.6,SBeta-thal,4.39,1002.0,17.46,4.49,urban_poor_access,good,17.7
20.6,SBeta-thal,4.86,947.3,18.06,5.08,urban_poor_access,moderate,20.5
7.2,SS,7.34,826.1,11.14,4.44,urban_poor_access,moderate,18.4
18.2,SBeta-thal,4.58,623.9,6.66,1.78,urban_poor_access,good,26.2
9.9,SS,2.25,729.3,10.92,3.38,rural,good,16.7
32.6,SS,9.71,878.3,14.52,4.84,urban_poor_access,moderate,17.9
19.8,SC,6.11,559.6,5.66,3.5,urban_poor_access,good,29.2
31.0,SS,8.47,728.3,15.49,5.21,urban_poor_access,poor,15.3
16.7,SC,1.37,503.8,8.8,2.57,rural,poor,25.5
37.3,SS,5.68,990.5,12.78,5.13,rural,good,15.8
15.4,SC,10.33,482.8,8.64,1.92,urban_poor_access,good,29.8
11.4,SS,5.58,1070.6,17.76,7.13,urban_good_access,good,18.1
9.1,SS,4.16,1056.9,12.93,5.9,rural,moderate,17.3
32.4,SS,0.91,883.7,11.43,3.91,rural,good,16.0
14.5,SS,5.65,643.6,12.55,3.22,rural,good,19.1
20.0,SS,3.33,934.0,14.38,4.21,urban_poor_access,good,16.0
35.8,SBeta-thal,2.53,624.4,9.51,2.32,rural,good,23.6
10.7,SS,4.64,894.2,11.33,5.23,urban_good_access,good,18.9
18.2,SS,5.72,1221.9,15.4,5.99,rural,good,15.8
8.8,SS,7.3,944.0,13.9,5.1,urban_good_access,good,24.5
9.9,SC,6.55,470.7,3.94,3.01,rural,moderate,27.2
33.1,SS,2.49,744.6,12.58,3.41,rural,moderate,14.5
28.6,SS,4.24,1230.9,18.13,5.96,urban_poor_access,moderate,12.0
22.4,SS,6.18,1163.7,21.93,6.98,rural,good,14.1
30.7,SS,3.16,789.6,12.32,4.31,rural,good,16.1
18.8,SS,10.36,738.7,11.55,4.92,urban_poor_access,good,18.0
26.5,SBeta-thal,4.19,459.9,7.86,1.22,urban_good_access,good,29.7
23.3,SBeta-thal,3.45,681.1,7.1,2.48,urban_good_access,moderate,24.6
19.1,SS,4.65,922.0,12.35,3.98,rural,poor,13.9
22.1,SS,2.55,1039.2,11.55,4.95,rural,moderate,12.3
21.5,SS,10.77,1063.8,19.49,4.95,urban_good_access,moderate,18.1
41.2,SC,4.88,488.6,9.16,1.83,urban_good_access,poor,31.7
9.4,SC,2.22,724.0,9.29,2.28,urban_good_access,moderate,32.9
13.1,SBeta-thal,8.64,879.1,14.03,4.87,rural,moderate,19.2
27.2,SC,17.12,630.0,7.36,2.09,rural,poor,29.7
23.8,SC,3.02,696.3,9.16,3.59,urban_good_access,poor,23.7
8.1,SS,12.5,661.0,8.87,3.02,urban_good_access,good,26.4
30.8,SS,3.14,785.9,10.25,3.31,rural,good,16.5
17.7,SS,3.69,1151.1,18.91,6.58,urban_good_access,good,18.2
43.5,SS,8.61,1068.8,19.16,6.6,urban_good_access,good,20.7
31.9,SC,4.34,644.6,9.08,2.81,urban_good_access,good,31.4
26.1,SS,5.3,1030.0,17.48,6.02,urban_good_access,poor,14.5
40.5,SC,10.79,488.1,11.76,2.57,urban_good_access,poor,29.9
21.4,SC,6.66,580.9,6.47,1.69,urban_good_access,good,30.0
22.3,SS,5.31,880.1,11.91,5.13,urban_poor_access,good,17.9
24.5,SS,4.51,732.6,10.84,4.49,urban_good_access,moderate,18.8
15.4,SBeta-thal,2.97,753.0,12.33,2.67,urban_poor_access,moderate,20.7
35.4,SS,11.14,937.0,11.66,3.7,urban_poor_access,moderate,19.0
8.8,SBeta-thal,6.08,606.8,8.92,1.99,urban_good_access,good,28.9
26.3,SS,1.46,929.3,11.65,4.39,urban_good_access,good,19.6
41.8,SS,4.67,710.6,12.78,3.66,urban_poor_access,poor,12.0
17.1,SS,9.67,906.1,14.51,4.26,rural,poor,16.7
21.5,SS,4.3,1011.6,16.75,5.44,urban_good_access,good,22.5
24.7,SS,1.88,897.1,16.52,4.48,urban_good_access,poor,16.3
19.8,SS,7.95,1257.8,17.81,6.5,rural,moderate,15.8
20.2,SS,1.81,565.7,13.88,3.42,rural,poor,16.3
37.7,SS,4.73,788.5,11.51,3.78,rural,moderate,13.6
28.3,SS,4.52,906.3,12.61,4.6,rural,good,16.7
2.0,SS,4.36,973.4,13.91,5.2,urban_poor_access,moderate,13.9
10.3,SS,7.07,807.4,13.42,5.46,rural,good,18.1
16.0,SS,0.63,992.4,16.45,4.88,urban_poor_access,moderate,17.6
22.1,SC,4.4,697.4,11.1,3.07,urban_poor_access,moderate,25.2
19.6,SBeta-thal,7.46,706.0,8.84,3.35,urban_good_access,moderate,25.6
16.8,SS,10.54,871.5,10.48,4.59,rural,good,17.0
32.5,SS,4.5,922.0,14.42,5.76,urban_poor_access,moderate,15.1
43.8,SC,9.83,757.1,8.9,2.7,urban_poor_access,poor,25.3
16.6,SS,10.53,1018.9,15.23,5.85,urban_good_access,moderate,18.9
31.7,SS,7.32,1078.3,12.83,5.84,urban_good_access,poor,15.4
32.3,SS,5.13,597.3,9.89,2.14,rural,poor,18.6
9.6,SS,1.95,1036.0,15.72,5.49,rural,poor,12.2
27.2,SC,10.94,646.4,6.79,1.86,urban_good_access,moderate,32.0
6.6,SS,4.25,553.0,9.79,4.26,rural,moderate,20.0
8.3,SBeta-thal,4.55,1011.5,17.88,5.69,rural,moderate,21.3
17.5,SS,3.67,941.6,15.94,4.42,urban_good_access,good,16.8
21.3,SS,11.58,747.9,8.26,2.56,urban_poor_access,moderate,23.2
35.7,SS,3.36,1060.2,12.46,5.44,rural,moderate,12.0
26.9,SS,4.56,870.1,16.05,4.3,urban_good_access,poor,17.5
22.3,SS,6.15,986.2,13.09,7.23,rural,good,14.4
19.8,SS,3.3,1071.6,14.86,4.93,urban_poor_access,moderate,14.6
24.0,SC,11.14,447.1,5.04,2.52,rural,moderate,32.1
24.1,SS,4.93,839.1,15.76,3.04,urban_good_access,good,22.2
11.8,SS,2.82,688.7,10.58,4.31,urban_good_access,moderate,17.4
23.9,SC,2.69,771.7,10.1,3.95,urban_good_access,moderate,25.7
11.1,SS,13.29,1123.6,18.98,5.8,urban_good_access,poor,18.3
6.2,SS,2.78,787.3,9.19,3.13,rural,good,16.4
29.2,SS,3.33,804.6,10.97,3.89,rural,good,17.2
16.0,SS,16.61,1077.3,15.41,5.16,rural,poor,15.7
14.9,SC,7.51,539.3,8.07,3.1,urban_good_access,moderate,29.5
11.1,SS,1.03,784.7,9.33,3.83,urban_poor_access,moderate,15.6
11.9,SS,4.35,1060.8,18.49,7.33,urban_good_access,good,20.0
29.9,SBeta-thal,5.25,860.5,13.45,3.86,rural,moderate,23.7
37.1,SBeta-thal,1.97,455.9,8.55,1.85,urban_good_access,moderate,26.9
5.4,SS,4.7,906.0,13.76,4.69,rural,good,16.9
32.8,SS,15.21,869.1,14.69,4.55,urban_good_access,moderate,19.5
2.7,SS,2.11,1091.2,12.07,4.58,rural,moderate,14.8
29.7,SS,9.99,658.6,13.66,4.93,urban_poor_access,moderate,22.4
33.4,SS,20.33,919.5,12.6,5.37,urban_poor_access,moderate,23.9
25.1,SS,3.4,840.3,11.48,2.52,rural,moderate,14.4
2.0,SC,8.27,605.9,7.23,3.37,urban_good_access,moderate,27.8
6.7,SS,7.4,685.2,9.75,3.26,rural,moderate,17.4
22.7,SS,0.56,836.3,10.88,1.98,urban_good_access,good,22.7
22.3,SS,6.25,1316.5,17.43,6.37,urban_poor_access,moderate,14.5
38.2,SC,5.43,871.3,14.61,3.98,urban_good_access,poor,24.8
38.3,SC,8.06,757.4,10.16,2.98,urban_poor_access,moderate,27.5
31.7,SS,4.7,660.7,14.72,4.11,urban_good_access,good,22.6
36.6,SC,7.63,446.6,4.19,2.06,urban_good_access,good,35.2
20.5,SC,2.59,501.2,9.14,2.72,urban_poor_access,moderate,26.6
34.0,SC,14.39,636.7,6.74,1.36,rural,moderate,30.0
24.3,SS,10.04,955.3,14.24,5.73,urban_good_access,good,22.6
30.5,SS,5.27,1106.0,14.9,5.34,urban_good_access,moderate,19.5
31.1,SS,4.06,420.4,7.1,3.0,urban_good_access,good,23.7
15.8,SBeta-thal,1.6,552.6,9.16,3.34,urban_good_access,good,24.7
23.0,SC,2.52,933.3,14.78,3.69,urban_good_access,moderate,24.6
35.9,SS,4.1,1051.0,18.2,6.87,rural,poor,13.0
14.6,SBeta-thal,2.9,777.0,11.44,5.24,urban_good_access,good,25.6
23.2,SS,4.98,916.1,12.47,3.9,rural,good,19.0
25.8,SS,7.69,1087.3,14.36,5.26,rural,poor,13.5
10.8,SBeta-thal,4.73,542.0,8.99,3.58,rural,moderate,21.9
20.9,SS,3.27,930.5,16.82,4.95,rural,good,15.1
23.2,SS,9.62,911.0,17.13,5.04,urban_good_access,moderate,23.0
6.5,SS,4.7,1195.3,16.73,6.48,rural,good,13.8
26.4,SS,7.09,1070.8,15.08,5.21,rural,good,17.4
9.0,SC,9.51,496.4,9.34,1.71,urban_good_access,poor,30.4
21.3,SS,1.93,1193.7,19.07,5.7,urban_good_access,good,18.2
17.4,SS,17.35,1037.8,15.51,4.24,urban_good_access,poor,20.0
11.0,SBeta-thal,17.95,622.4,8.93,3.18,urban_good_access,good,32.7
2.0,SS,6.56,634.2,10.23,4.46,urban_good_access,good,23.3
22.3,SS,1.91,905.0,11.94,3.94,urban_poor_access,poor,14.0
35.7,SS,7.54,785.6,13.68,4.31,urban_poor_access,poor,16.7
12.4,SC,17.92,593.0,2.61,0.66,urban_poor_access,moderate,39.3
9.2,SS,2.99,921.2,15.53,3.67,rural,moderate,13.6
26.8,SS,14.14,985.2,16.17,4.77,urban_poor_access,poor,18.2
3.9,SS,7.38,1123.3,18.94,4.42,urban_poor_access,moderate,18.4
4.4,SS,6.26,1024.6,9.09,5.44,urban_good_access,good,18.1
18.2,SS,2.47,1027.4,16.88,5.1,urban_poor_access,good,13.7
18.8,SC,4.37,633.6,11.71,2.17,urban_good_access,moderate,31.2
41.3,SS,3.35,804.7,14.53,3.88,urban_poor_access,poor,17.1
23.3,SC,6.97,857.1,8.02,3.56,rural,good,26.0
33.9,SS,8.61,1030.3,15.4,5.58,urban_poor_access,moderate,17.9
2.0,SS,4.53,835.5,14.59,4.48,urban_good_access,moderate,16.6
8.5,SBeta-thal,1.82,811.3,14.94,4.26,urban_good_access,moderate,22.2
30.6,SS,3.44,1062.8,13.67,5.27,urban_poor_access,good,17.1
17.1,SS,3.02,1064.3,17.62,5.96,rural,moderate,12.0
2.0,SC,6.05,691.3,9.91,2.75,rural,good,29.8
25.4,SS,4.98,888.8,13.14,5.36,rural,moderate,14.5
28.3,SC,6.16,676.1,10.11,3.24,rural,good,26.2
48.0,SS,10.38,951.8,12.05,3.94,urban_good_access,good,23.6
41.0,SS,1.89,804.9,10.61,3.55,urban_poor_access,good,18.0
19.0,SC,16.27,412.6,5.24,0.62,urban_good_access,good,37.8
31.8,SS,8.65,771.6,14.2,4.12,urban_poor_access,moderate,22.8
34.6,SS,6.55,791.4,12.33,3.72,urban_poor_access,moderate,15.6
26.9,SC,9.81,644.4,12.46,3.07,urban_good_access,poor,35.0
24.5,SBeta-thal,10.54,645.5,10.83,2.68,rural,moderate,23.3
12.1,SS,1.78,1108.1,15.5,6.53,urban_poor_access,good,18.5
26.0,SS,8.33,1079.1,18.74,6.65,urban_good_access,good,20.5
20.1,SC,7.64,875.2,13.56,4.66,rural,poor,24.1
22.2,SS,22.48,964.2,10.84,5.82,rural,poor,19.0
26.8,SC,8.53,674.0,14.46,3.2,urban_poor_access,poor,20.8
33.1,SS,7.37,785.4,7.85,2.36,rural,moderate,17.9
22.0,SS,3.82,1056.0,11.65,5.17,rural,good,14.5
14.0,SS,8.73,785.5,11.07,4.53,urban_good_access,good,22.4
27.9,SC,2.35,727.5,12.09,2.37,urban_poor_access,good,26.6
20.3,SS,5.86,1016.7,13.56,3.92,urban_poor_access,poor,12.0
29.5,SS,10.46,858.2,10.47,4.18,urban_poor_access,good,24.0
32.8,SS,5.32,763.3,14.54,4.52,urban_poor_access,poor,13.6
39.2,SS,5.22,855.1,9.34,3.85,urban_poor_access,poor,19.2
29.7,SS,2.98,972.8,17.65,6.01,urban_good_access,good,22.0
23.3,SBeta-thal,6.3,855.2,14.11,5.42,urban_poor_access,moderate,18.9
39.9,SS,2.12,1138.1,20.02,7.3,urban_poor_access,poor,12.0
37.8,SS,3.94,1028.0,13.17,4.19,urban_good_access,moderate,19.7
43.8,SS,3.84,829.7,11.43,3.15,rural,good,16.6
24.5,SS,3.53,896.3,16.2,4.82,urban_good_access,moderate,16.6
19.3,SS,3.27,962.0,13.72,4.59,urban_poor_access,good,16.4
7.6,SS,8.19,1300.0,19.17,6.14,rural,moderate,13.8
21.4,SS,7.71,741.0,10.97,2.79,urban_poor_access,moderate,18.8
7.7,SS,12.83,853.9,14.22,3.95,urban_poor_access,moderate,18.2
30.9,SC,6.81,739.1,9.64,1.18,urban_poor_access,good,28.8